record_id,journal_name,pub_year,cluster_id
88652,ACM COMPUTING SURVEYS,2000,5
88653,ACM COMPUTING SURVEYS,2000,5
88654,ACM COMPUTING SURVEYS,2000,5
88655,ACM COMPUTING SURVEYS,2000,1
88656,ACM COMPUTING SURVEYS,2001,5
88657,ACM COMPUTING SURVEYS,2001,5
88658,ACM COMPUTING SURVEYS,2001,1
88659,ACM COMPUTING SURVEYS,2001,2
88660,ACM COMPUTING SURVEYS,2002,5
88661,ACM COMPUTING SURVEYS,2002,5
88662,ACM COMPUTING SURVEYS,2002,3
88663,ACM COMPUTING SURVEYS,2002,0
88664,ACM COMPUTING SURVEYS,2003,5
88665,ACM COMPUTING SURVEYS,2003,0
88666,ACM COMPUTING SURVEYS,2003,5
88667,ACM COMPUTING SURVEYS,2003,5
88668,ACM COMPUTING SURVEYS,2004,5
88669,ACM COMPUTING SURVEYS,2004,5
88670,ACM COMPUTING SURVEYS,2004,5
88671,ACM COMPUTING SURVEYS,2004,5
88672,ACM COMPUTING SURVEYS,2005,5
88673,ACM COMPUTING SURVEYS,2005,7
88674,ACM COMPUTING SURVEYS,2005,3
88675,ACM COMPUTING SURVEYS,2005,5
88676,ACM COMPUTING SURVEYS,2006,6
88677,ACM COMPUTING SURVEYS,2006,5
88678,ACM COMPUTING SURVEYS,2006,5
88679,ACM COMPUTING SURVEYS,2006,5
88680,ACM COMPUTING SURVEYS,2007,2
88681,ACM COMPUTING SURVEYS,2007,5
88682,ACM COMPUTING SURVEYS,2007,7
88683,ACM COMPUTING SURVEYS,2007,5
88684,ACM COMPUTING SURVEYS,2008,6
88685,ACM COMPUTING SURVEYS,2008,1
88686,ACM COMPUTING SURVEYS,2008,5
88687,ACM COMPUTING SURVEYS,2008,6
88688,ACM COMPUTING SURVEYS,2009,5
88689,ACM COMPUTING SURVEYS,2009,0
88690,ACM COMPUTING SURVEYS,2009,5
88691,ACM COMPUTING SURVEYS,2009,5
88692,ACM COMPUTING SURVEYS,2010,5
88693,ACM COMPUTING SURVEYS,2010,5
88694,ACM COMPUTING SURVEYS,2010,5
88695,ACM COMPUTING SURVEYS,2010,1
88696,ACM COMPUTING SURVEYS,2011,5
88697,ACM COMPUTING SURVEYS,2011,5
88698,ACM COMPUTING SURVEYS,2011,7
88699,ACM COMPUTING SURVEYS,2011,5
88700,ACM COMPUTING SURVEYS,2012,1
88701,ACM COMPUTING SURVEYS,2012,5
88702,ACM COMPUTING SURVEYS,2012,5
88703,ACM COMPUTING SURVEYS,2012,5
88704,ACM COMPUTING SURVEYS,2013,2
88705,ACM COMPUTING SURVEYS,2013,5
88706,ACM COMPUTING SURVEYS,2013,7
88707,ACM COMPUTING SURVEYS,2013,4
88708,ACM COMPUTING SURVEYS,2014,5
88709,ACM COMPUTING SURVEYS,2014,5
88710,ACM COMPUTING SURVEYS,2014,4
88711,ACM COMPUTING SURVEYS,2014,5
88712,ACM COMPUTING SURVEYS,2015,4
88713,ACM COMPUTING SURVEYS,2015,4
88714,ACM COMPUTING SURVEYS,2015,5
88715,ACM COMPUTING SURVEYS,2015,5
88716,ACM COMPUTING SURVEYS,2016,0
88717,ACM COMPUTING SURVEYS,2016,4
88718,ACM COMPUTING SURVEYS,2016,7
88719,ACM COMPUTING SURVEYS,2016,6
88720,ACM COMPUTING SURVEYS,2017,0
88721,ACM COMPUTING SURVEYS,2017,5
88722,ACM COMPUTING SURVEYS,2017,4
88723,ACM COMPUTING SURVEYS,2017,5
88724,ACM COMPUTING SURVEYS,2018,0
88725,ACM COMPUTING SURVEYS,2018,5
88726,ACM COMPUTING SURVEYS,2018,5
88727,ACM COMPUTING SURVEYS,2018,7
88728,ACM JOURNAL ON COMPUTING AND CULTURAL HERITAGE,2010,6
88729,ACM JOURNAL ON COMPUTING AND CULTURAL HERITAGE,2010,5
88730,ACM JOURNAL ON COMPUTING AND CULTURAL HERITAGE,2010,5
88731,ACM JOURNAL ON COMPUTING AND CULTURAL HERITAGE,2010,5
88732,2012 18th IEEE International Conference on Networks (ICON),2012,7
88733,2012 IEEE CUSTOM INTEGRATED CIRCUITS CONFERENCE (CICC),2012,3
88734,2012 18th IEEE International Conference on Networks (ICON),2012,5
88735,2012 18th IEEE International Conference on Networks (ICON),2012,7
88736,PROCEEDINGS OF 2013 IEEE 59TH HOLM CONFERENCE ON ELECTRICAL CONTACTS (HOLM),2013,3
88737,PROCEEDINGS OF 2013 IEEE 59TH HOLM CONFERENCE ON ELECTRICAL CONTACTS (HOLM),2013,0
88738,PROCEEDINGS OF 2013 IEEE 59TH HOLM CONFERENCE ON ELECTRICAL CONTACTS (HOLM),2013,3
88739,PROCEEDINGS OF 2013 IEEE 59TH HOLM CONFERENCE ON ELECTRICAL CONTACTS (HOLM),2013,0
88740,ACM JOURNAL ON COMPUTING AND CULTURAL HERITAGE,2014,5
88741,ACM JOURNAL ON COMPUTING AND CULTURAL HERITAGE,2014,5
88742,ACM JOURNAL ON COMPUTING AND CULTURAL HERITAGE,2014,5
88743,ACM JOURNAL ON COMPUTING AND CULTURAL HERITAGE,2014,5
88744,ACM JOURNAL ON COMPUTING AND CULTURAL HERITAGE,2015,5
88745,ACM JOURNAL ON COMPUTING AND CULTURAL HERITAGE,2015,2
88746,ACM JOURNAL ON COMPUTING AND CULTURAL HERITAGE,2015,5
88747,ACM JOURNAL ON COMPUTING AND CULTURAL HERITAGE,2015,5
88748,ACM JOURNAL ON COMPUTING AND CULTURAL HERITAGE,2016,1
88749,ACM JOURNAL ON COMPUTING AND CULTURAL HERITAGE,2016,5
88750,ACM JOURNAL ON COMPUTING AND CULTURAL HERITAGE,2016,5
88751,ACM JOURNAL ON COMPUTING AND CULTURAL HERITAGE,2016,5
88752,ACM JOURNAL ON COMPUTING AND CULTURAL HERITAGE,2017,5
88753,ACM JOURNAL ON COMPUTING AND CULTURAL HERITAGE,2017,4
88754,ACM JOURNAL ON COMPUTING AND CULTURAL HERITAGE,2017,5
88755,ACM JOURNAL ON COMPUTING AND CULTURAL HERITAGE,2017,6
88756,ACM JOURNAL ON COMPUTING AND CULTURAL HERITAGE,2018,5
88757,ACM JOURNAL ON COMPUTING AND CULTURAL HERITAGE,2018,5
88758,ACM JOURNAL ON COMPUTING AND CULTURAL HERITAGE,2018,5
88759,ACM JOURNAL ON COMPUTING AND CULTURAL HERITAGE,2018,5
88760,ACM JOURNAL ON EMERGING TECHNOLOGIES IN COMPUTING SYSTEMS,2006,5
88761,ACM JOURNAL ON EMERGING TECHNOLOGIES IN COMPUTING SYSTEMS,2006,3
88762,ACM JOURNAL ON EMERGING TECHNOLOGIES IN COMPUTING SYSTEMS,2007,3
88763,ACM JOURNAL ON EMERGING TECHNOLOGIES IN COMPUTING SYSTEMS,2007,3
88764,ACM JOURNAL ON EMERGING TECHNOLOGIES IN COMPUTING SYSTEMS,2007,3
88765,ACM JOURNAL ON EMERGING TECHNOLOGIES IN COMPUTING SYSTEMS,2007,3
88766,ACM JOURNAL ON EMERGING TECHNOLOGIES IN COMPUTING SYSTEMS,2008,3
88767,ACM JOURNAL ON EMERGING TECHNOLOGIES IN COMPUTING SYSTEMS,2008,3
88768,ACM JOURNAL ON EMERGING TECHNOLOGIES IN COMPUTING SYSTEMS,2008,3
88769,ACM JOURNAL ON EMERGING TECHNOLOGIES IN COMPUTING SYSTEMS,2008,3
88770,ACM JOURNAL ON EMERGING TECHNOLOGIES IN COMPUTING SYSTEMS,2009,3
88771,ACM JOURNAL ON EMERGING TECHNOLOGIES IN COMPUTING SYSTEMS,2009,3
88772,ACM JOURNAL ON EMERGING TECHNOLOGIES IN COMPUTING SYSTEMS,2009,3
88773,ACM JOURNAL ON EMERGING TECHNOLOGIES IN COMPUTING SYSTEMS,2009,3
88774,ACM JOURNAL ON EMERGING TECHNOLOGIES IN COMPUTING SYSTEMS,2010,3
88775,ACM JOURNAL ON EMERGING TECHNOLOGIES IN COMPUTING SYSTEMS,2010,7
88776,ACM JOURNAL ON EMERGING TECHNOLOGIES IN COMPUTING SYSTEMS,2010,3
88777,ACM JOURNAL ON EMERGING TECHNOLOGIES IN COMPUTING SYSTEMS,2010,3
88778,ACM JOURNAL ON EMERGING TECHNOLOGIES IN COMPUTING SYSTEMS,2011,3
88779,ACM JOURNAL ON EMERGING TECHNOLOGIES IN COMPUTING SYSTEMS,2011,3
88780,ACM JOURNAL ON EMERGING TECHNOLOGIES IN COMPUTING SYSTEMS,2011,3
88781,ACM JOURNAL ON EMERGING TECHNOLOGIES IN COMPUTING SYSTEMS,2011,3
88782,ACM JOURNAL ON EMERGING TECHNOLOGIES IN COMPUTING SYSTEMS,2012,3
88783,ACM JOURNAL ON EMERGING TECHNOLOGIES IN COMPUTING SYSTEMS,2012,3
88784,ACM JOURNAL ON EMERGING TECHNOLOGIES IN COMPUTING SYSTEMS,2012,3
88785,ACM JOURNAL ON EMERGING TECHNOLOGIES IN COMPUTING SYSTEMS,2012,7
88786,ACM JOURNAL ON EMERGING TECHNOLOGIES IN COMPUTING SYSTEMS,2013,3
88787,ACM JOURNAL ON EMERGING TECHNOLOGIES IN COMPUTING SYSTEMS,2013,3
88788,ACM JOURNAL ON EMERGING TECHNOLOGIES IN COMPUTING SYSTEMS,2013,3
88789,ACM JOURNAL ON EMERGING TECHNOLOGIES IN COMPUTING SYSTEMS,2013,3
88790,ACM JOURNAL ON EMERGING TECHNOLOGIES IN COMPUTING SYSTEMS,2014,5
88791,ACM JOURNAL ON EMERGING TECHNOLOGIES IN COMPUTING SYSTEMS,2014,3
88792,ACM JOURNAL ON EMERGING TECHNOLOGIES IN COMPUTING SYSTEMS,2014,3
88793,ACM JOURNAL ON EMERGING TECHNOLOGIES IN COMPUTING SYSTEMS,2014,3
88794,ACM JOURNAL ON EMERGING TECHNOLOGIES IN COMPUTING SYSTEMS,2015,3
88795,ACM JOURNAL ON EMERGING TECHNOLOGIES IN COMPUTING SYSTEMS,2015,3
88796,ACM JOURNAL ON EMERGING TECHNOLOGIES IN COMPUTING SYSTEMS,2015,3
88797,ACM JOURNAL ON EMERGING TECHNOLOGIES IN COMPUTING SYSTEMS,2015,3
88798,ACM JOURNAL ON EMERGING TECHNOLOGIES IN COMPUTING SYSTEMS,2016,5
88799,ACM JOURNAL ON EMERGING TECHNOLOGIES IN COMPUTING SYSTEMS,2016,3
88800,ACM JOURNAL ON EMERGING TECHNOLOGIES IN COMPUTING SYSTEMS,2016,3
88801,ACM JOURNAL ON EMERGING TECHNOLOGIES IN COMPUTING SYSTEMS,2016,5
88802,ACM JOURNAL ON EMERGING TECHNOLOGIES IN COMPUTING SYSTEMS,2017,3
88803,ACM JOURNAL ON EMERGING TECHNOLOGIES IN COMPUTING SYSTEMS,2017,3
88804,ACM JOURNAL ON EMERGING TECHNOLOGIES IN COMPUTING SYSTEMS,2017,5
88805,ACM JOURNAL ON EMERGING TECHNOLOGIES IN COMPUTING SYSTEMS,2017,3
88806,ACM JOURNAL ON EMERGING TECHNOLOGIES IN COMPUTING SYSTEMS,2018,7
88807,ACM JOURNAL ON EMERGING TECHNOLOGIES IN COMPUTING SYSTEMS,2018,2
88808,ACM JOURNAL ON EMERGING TECHNOLOGIES IN COMPUTING SYSTEMS,2018,3
88809,ACM JOURNAL ON EMERGING TECHNOLOGIES IN COMPUTING SYSTEMS,2018,3
88810,ACM SIGCOMM COMPUTER COMMUNICATION REVIEW,2000,0
88811,ACM SIGCOMM COMPUTER COMMUNICATION REVIEW,2000,3
88812,ACM SIGCOMM COMPUTER COMMUNICATION REVIEW,2000,2
88813,ACM SIGCOMM COMPUTER COMMUNICATION REVIEW,2000,5
88814,ACM SIGCOMM COMPUTER COMMUNICATION REVIEW,2001,7
88815,ACM SIGCOMM COMPUTER COMMUNICATION REVIEW,2001,5
88816,ACM SIGCOMM COMPUTER COMMUNICATION REVIEW,2001,3
88817,ACM SIGCOMM COMPUTER COMMUNICATION REVIEW,2001,7
88818,ACM SIGCOMM COMPUTER COMMUNICATION REVIEW,2002,2
88819,ACM SIGCOMM COMPUTER COMMUNICATION REVIEW,2002,5
88820,ACM SIGCOMM COMPUTER COMMUNICATION REVIEW,2002,5
88821,ACM SIGCOMM COMPUTER COMMUNICATION REVIEW,2002,5
88822,ACM SIGCOMM COMPUTER COMMUNICATION REVIEW,2003,7
88823,ACM SIGCOMM COMPUTER COMMUNICATION REVIEW,2003,5
88824,ACM SIGCOMM COMPUTER COMMUNICATION REVIEW,2003,7
88825,ACM SIGCOMM COMPUTER COMMUNICATION REVIEW,2003,3
88826,ACM SIGCOMM COMPUTER COMMUNICATION REVIEW,2004,5
88827,ACM SIGCOMM COMPUTER COMMUNICATION REVIEW,2004,7
88828,ACM SIGCOMM COMPUTER COMMUNICATION REVIEW,2004,0
88829,ACM SIGCOMM COMPUTER COMMUNICATION REVIEW,2004,3
88830,ACM SIGCOMM COMPUTER COMMUNICATION REVIEW,2005,7
88831,ACM SIGCOMM COMPUTER COMMUNICATION REVIEW,2005,0
88832,ACM SIGCOMM COMPUTER COMMUNICATION REVIEW,2005,5
88833,ACM SIGCOMM COMPUTER COMMUNICATION REVIEW,2005,5
88834,ACM SIGCOMM COMPUTER COMMUNICATION REVIEW,2006,7
88835,ACM SIGCOMM COMPUTER COMMUNICATION REVIEW,2006,7
88836,ACM SIGCOMM COMPUTER COMMUNICATION REVIEW,2006,5
88837,ACM SIGCOMM COMPUTER COMMUNICATION REVIEW,2006,0
88838,ACM SIGCOMM COMPUTER COMMUNICATION REVIEW,2007,5
88839,ACM SIGCOMM COMPUTER COMMUNICATION REVIEW,2007,7
88840,ACM SIGCOMM COMPUTER COMMUNICATION REVIEW,2007,4
88841,ACM SIGCOMM COMPUTER COMMUNICATION REVIEW,2007,7
88842,ACM SIGCOMM COMPUTER COMMUNICATION REVIEW,2008,5
88843,ACM SIGCOMM COMPUTER COMMUNICATION REVIEW,2008,3
88845,ACM SIGCOMM COMPUTER COMMUNICATION REVIEW,2008,7
88846,ACM SIGCOMM COMPUTER COMMUNICATION REVIEW,2009,5
88847,ACM SIGCOMM COMPUTER COMMUNICATION REVIEW,2009,5
88848,ACM SIGCOMM COMPUTER COMMUNICATION REVIEW,2009,5
88849,ACM SIGCOMM COMPUTER COMMUNICATION REVIEW,2009,3
88850,ACM SIGCOMM COMPUTER COMMUNICATION REVIEW,2010,3
88851,ACM SIGCOMM COMPUTER COMMUNICATION REVIEW,2010,3
88852,ACM SIGCOMM COMPUTER COMMUNICATION REVIEW,2010,5
88853,ACM SIGCOMM COMPUTER COMMUNICATION REVIEW,2010,3
88854,ACM SIGCOMM COMPUTER COMMUNICATION REVIEW,2011,5
88855,ACM SIGCOMM COMPUTER COMMUNICATION REVIEW,2011,7
88856,ACM SIGCOMM COMPUTER COMMUNICATION REVIEW,2011,5
88857,ACM SIGCOMM COMPUTER COMMUNICATION REVIEW,2011,7
88858,ACM SIGCOMM COMPUTER COMMUNICATION REVIEW,2012,5
88859,ACM SIGCOMM COMPUTER COMMUNICATION REVIEW,2012,5
88860,ACM SIGCOMM COMPUTER COMMUNICATION REVIEW,2012,5
88861,ACM SIGCOMM COMPUTER COMMUNICATION REVIEW,2012,5
88862,ACM SIGCOMM COMPUTER COMMUNICATION REVIEW,2013,3
88863,ACM SIGCOMM COMPUTER COMMUNICATION REVIEW,2013,5
88864,ACM SIGCOMM COMPUTER COMMUNICATION REVIEW,2013,5
88865,ACM SIGCOMM COMPUTER COMMUNICATION REVIEW,2013,5
88866,ACM SIGCOMM COMPUTER COMMUNICATION REVIEW,2014,5
88867,ACM SIGCOMM COMPUTER COMMUNICATION REVIEW,2014,7
88868,ACM SIGCOMM COMPUTER COMMUNICATION REVIEW,2014,5
88869,ACM SIGCOMM COMPUTER COMMUNICATION REVIEW,2014,5
88870,ACM SIGCOMM COMPUTER COMMUNICATION REVIEW,2015,4
88871,ACM SIGCOMM COMPUTER COMMUNICATION REVIEW,2015,3
88872,ACM SIGCOMM COMPUTER COMMUNICATION REVIEW,2015,1
88873,ACM SIGCOMM COMPUTER COMMUNICATION REVIEW,2015,7
88874,ACM SIGCOMM COMPUTER COMMUNICATION REVIEW,2016,2
88875,ACM SIGCOMM COMPUTER COMMUNICATION REVIEW,2016,5
88876,ACM SIGCOMM COMPUTER COMMUNICATION REVIEW,2016,5
88877,ACM SIGCOMM COMPUTER COMMUNICATION REVIEW,2016,5
88878,ACM SIGCOMM COMPUTER COMMUNICATION REVIEW,2017,5
88879,ACM SIGCOMM COMPUTER COMMUNICATION REVIEW,2017,5
88880,ACM SIGCOMM COMPUTER COMMUNICATION REVIEW,2017,5
88881,ACM SIGCOMM COMPUTER COMMUNICATION REVIEW,2017,5
88882,ACM SIGCOMM COMPUTER COMMUNICATION REVIEW,2018,7
88883,ACM SIGCOMM COMPUTER COMMUNICATION REVIEW,2018,5
88884,ACM SIGCOMM COMPUTER COMMUNICATION REVIEW,2018,5
88885,ACM SIGCOMM COMPUTER COMMUNICATION REVIEW,2018,5
88886,ACM TRANSACTIONS ON ALGORITHMS,2006,6
88887,ACM TRANSACTIONS ON ALGORITHMS,2006,2
88888,ACM TRANSACTIONS ON ALGORITHMS,2006,6
88889,ACM TRANSACTIONS ON ALGORITHMS,2006,2
88890,ACM TRANSACTIONS ON ALGORITHMS,2008,6
88891,ACM TRANSACTIONS ON ALGORITHMS,2008,2
88892,ACM TRANSACTIONS ON ALGORITHMS,2008,2
88893,ACM TRANSACTIONS ON ALGORITHMS,2008,2
88894,ACM TRANSACTIONS ON ALGORITHMS,2009,2
88895,ACM TRANSACTIONS ON ALGORITHMS,2009,0
88896,ACM TRANSACTIONS ON ALGORITHMS,2009,2
88897,ACM TRANSACTIONS ON ALGORITHMS,2009,6
88898,ACM TRANSACTIONS ON ALGORITHMS,2010,6
88899,ACM TRANSACTIONS ON ALGORITHMS,2010,2
88900,ACM TRANSACTIONS ON ALGORITHMS,2010,6
88901,ACM TRANSACTIONS ON ALGORITHMS,2010,6
88902,ACM TRANSACTIONS ON ALGORITHMS,2011,2
88903,ACM TRANSACTIONS ON ALGORITHMS,2011,2
88904,ACM TRANSACTIONS ON ALGORITHMS,2011,2
88905,ACM TRANSACTIONS ON ALGORITHMS,2011,0
88906,ACM TRANSACTIONS ON ALGORITHMS,2012,6
88907,ACM TRANSACTIONS ON ALGORITHMS,2012,2
88908,ACM TRANSACTIONS ON ALGORITHMS,2012,2
88909,ACM TRANSACTIONS ON ALGORITHMS,2012,6
88910,ACM TRANSACTIONS ON ALGORITHMS,2013,6
88911,ACM TRANSACTIONS ON ALGORITHMS,2013,2
88912,ACM TRANSACTIONS ON ALGORITHMS,2013,2
88913,ACM TRANSACTIONS ON ALGORITHMS,2013,2
88914,ACM TRANSACTIONS ON ALGORITHMS,2014,2
88915,ACM TRANSACTIONS ON ALGORITHMS,2014,0
88916,ACM TRANSACTIONS ON ALGORITHMS,2014,2
88917,ACM TRANSACTIONS ON ALGORITHMS,2014,0
88918,ACM TRANSACTIONS ON ALGORITHMS,2015,6
88919,ACM TRANSACTIONS ON ALGORITHMS,2015,2
88920,ACM TRANSACTIONS ON ALGORITHMS,2015,6
88921,ACM TRANSACTIONS ON ALGORITHMS,2015,6
88922,ACM TRANSACTIONS ON ALGORITHMS,2016,2
88923,ACM TRANSACTIONS ON ALGORITHMS,2016,6
88924,ACM TRANSACTIONS ON ALGORITHMS,2016,6
88925,ACM TRANSACTIONS ON ALGORITHMS,2016,2
88926,ACM TRANSACTIONS ON ALGORITHMS,2017,2
88927,ACM TRANSACTIONS ON ALGORITHMS,2017,2
88928,ACM TRANSACTIONS ON ALGORITHMS,2017,2
88929,ACM TRANSACTIONS ON ALGORITHMS,2017,2
88930,ACM TRANSACTIONS ON ALGORITHMS,2018,2
88931,ACM TRANSACTIONS ON ALGORITHMS,2018,2
88932,ACM TRANSACTIONS ON ALGORITHMS,2018,6
88933,ACM TRANSACTIONS ON ALGORITHMS,2018,2
88934,ACM TRANSACTIONS ON APPLIED PERCEPTION,2007,5
88935,ACM TRANSACTIONS ON APPLIED PERCEPTION,2007,6
88936,ACM TRANSACTIONS ON APPLIED PERCEPTION,2007,6
88937,ACM TRANSACTIONS ON APPLIED PERCEPTION,2007,6
88938,ACM TRANSACTIONS ON APPLIED PERCEPTION,2008,6
88939,ACM TRANSACTIONS ON APPLIED PERCEPTION,2008,6
88940,ACM TRANSACTIONS ON APPLIED PERCEPTION,2008,3
88941,ACM TRANSACTIONS ON APPLIED PERCEPTION,2008,6
88942,ACM TRANSACTIONS ON APPLIED PERCEPTION,2009,6
88943,ACM TRANSACTIONS ON APPLIED PERCEPTION,2009,6
88944,ACM TRANSACTIONS ON APPLIED PERCEPTION,2009,6
88945,ACM TRANSACTIONS ON APPLIED PERCEPTION,2009,6
88946,ACM TRANSACTIONS ON APPLIED PERCEPTION,2010,5
88947,ACM TRANSACTIONS ON APPLIED PERCEPTION,2010,6
88948,ACM TRANSACTIONS ON APPLIED PERCEPTION,2010,6
88949,ACM TRANSACTIONS ON APPLIED PERCEPTION,2010,6
88950,ACM TRANSACTIONS ON APPLIED PERCEPTION,2011,6
88951,ACM TRANSACTIONS ON APPLIED PERCEPTION,2011,5
88952,ACM TRANSACTIONS ON APPLIED PERCEPTION,2011,6
88953,ACM TRANSACTIONS ON APPLIED PERCEPTION,2011,6
88954,ACM TRANSACTIONS ON APPLIED PERCEPTION,2012,6
88955,ACM TRANSACTIONS ON APPLIED PERCEPTION,2012,6
88956,ACM TRANSACTIONS ON APPLIED PERCEPTION,2012,6
88957,ACM TRANSACTIONS ON APPLIED PERCEPTION,2012,6
88958,ACM TRANSACTIONS ON APPLIED PERCEPTION,2013,6
88959,ACM TRANSACTIONS ON APPLIED PERCEPTION,2013,6
88960,ACM TRANSACTIONS ON APPLIED PERCEPTION,2013,6
88961,ACM TRANSACTIONS ON APPLIED PERCEPTION,2013,6
88962,ACM TRANSACTIONS ON APPLIED PERCEPTION,2014,6
88963,ACM TRANSACTIONS ON APPLIED PERCEPTION,2014,6
88964,ACM TRANSACTIONS ON APPLIED PERCEPTION,2014,6
88965,ACM TRANSACTIONS ON APPLIED PERCEPTION,2014,6
88966,ACM TRANSACTIONS ON APPLIED PERCEPTION,2015,6
88967,ACM TRANSACTIONS ON APPLIED PERCEPTION,2015,6
88968,ACM TRANSACTIONS ON APPLIED PERCEPTION,2015,6
88969,ACM TRANSACTIONS ON APPLIED PERCEPTION,2015,6
88970,ACM TRANSACTIONS ON APPLIED PERCEPTION,2016,6
88971,ACM TRANSACTIONS ON APPLIED PERCEPTION,2016,6
88972,ACM TRANSACTIONS ON APPLIED PERCEPTION,2016,6
88973,ACM TRANSACTIONS ON APPLIED PERCEPTION,2016,6
88974,ACM TRANSACTIONS ON APPLIED PERCEPTION,2017,6
88975,ACM TRANSACTIONS ON APPLIED PERCEPTION,2017,6
88976,ACM TRANSACTIONS ON APPLIED PERCEPTION,2017,6
88977,ACM TRANSACTIONS ON APPLIED PERCEPTION,2017,6
88978,ACM TRANSACTIONS ON APPLIED PERCEPTION,2018,6
88979,ACM TRANSACTIONS ON APPLIED PERCEPTION,2018,6
88980,ACM TRANSACTIONS ON APPLIED PERCEPTION,2018,6
88981,ACM TRANSACTIONS ON APPLIED PERCEPTION,2018,6
88982,ACM TRANSACTIONS ON ARCHITECTURE AND CODE OPTIMIZATION,2007,3
88983,ACM TRANSACTIONS ON ARCHITECTURE AND CODE OPTIMIZATION,2007,3
88984,ACM TRANSACTIONS ON ARCHITECTURE AND CODE OPTIMIZATION,2007,2
88985,ACM TRANSACTIONS ON ARCHITECTURE AND CODE OPTIMIZATION,2007,3
88986,ACM TRANSACTIONS ON ARCHITECTURE AND CODE OPTIMIZATION,2008,2
88987,ACM TRANSACTIONS ON ARCHITECTURE AND CODE OPTIMIZATION,2008,7
88988,ACM TRANSACTIONS ON ARCHITECTURE AND CODE OPTIMIZATION,2008,3
88989,ACM TRANSACTIONS ON ARCHITECTURE AND CODE OPTIMIZATION,2008,3
88990,ACM TRANSACTIONS ON ARCHITECTURE AND CODE OPTIMIZATION,2009,3
88991,ACM TRANSACTIONS ON ARCHITECTURE AND CODE OPTIMIZATION,2009,2
88992,ACM TRANSACTIONS ON ARCHITECTURE AND CODE OPTIMIZATION,2009,3
88993,ACM TRANSACTIONS ON ARCHITECTURE AND CODE OPTIMIZATION,2009,3
88994,ACM TRANSACTIONS ON ARCHITECTURE AND CODE OPTIMIZATION,2010,3
88995,ACM TRANSACTIONS ON ARCHITECTURE AND CODE OPTIMIZATION,2010,3
88996,ACM TRANSACTIONS ON ARCHITECTURE AND CODE OPTIMIZATION,2010,3
88997,ACM TRANSACTIONS ON ARCHITECTURE AND CODE OPTIMIZATION,2010,3
88998,ACM TRANSACTIONS ON ARCHITECTURE AND CODE OPTIMIZATION,2011,3
88999,ACM TRANSACTIONS ON ARCHITECTURE AND CODE OPTIMIZATION,2011,3
89000,ACM TRANSACTIONS ON ARCHITECTURE AND CODE OPTIMIZATION,2011,3
89001,ACM TRANSACTIONS ON ARCHITECTURE AND CODE OPTIMIZATION,2011,3
89002,ACM TRANSACTIONS ON ARCHITECTURE AND CODE OPTIMIZATION,2012,3
89003,ACM TRANSACTIONS ON ARCHITECTURE AND CODE OPTIMIZATION,2012,3
89004,ACM TRANSACTIONS ON ARCHITECTURE AND CODE OPTIMIZATION,2012,3
89005,ACM TRANSACTIONS ON ARCHITECTURE AND CODE OPTIMIZATION,2012,3
89006,ACM TRANSACTIONS ON ARCHITECTURE AND CODE OPTIMIZATION,2013,3
89007,ACM TRANSACTIONS ON ARCHITECTURE AND CODE OPTIMIZATION,2013,2
89008,ACM TRANSACTIONS ON ARCHITECTURE AND CODE OPTIMIZATION,2013,2
89009,ACM TRANSACTIONS ON ARCHITECTURE AND CODE OPTIMIZATION,2013,2
89010,ACM TRANSACTIONS ON ARCHITECTURE AND CODE OPTIMIZATION,2014,3
89011,ACM TRANSACTIONS ON ARCHITECTURE AND CODE OPTIMIZATION,2014,2
89012,ACM TRANSACTIONS ON ARCHITECTURE AND CODE OPTIMIZATION,2014,7
89013,ACM TRANSACTIONS ON ARCHITECTURE AND CODE OPTIMIZATION,2014,3
89014,ACM TRANSACTIONS ON ARCHITECTURE AND CODE OPTIMIZATION,2015,3
89015,ACM TRANSACTIONS ON ARCHITECTURE AND CODE OPTIMIZATION,2015,3
89016,ACM TRANSACTIONS ON ARCHITECTURE AND CODE OPTIMIZATION,2015,3
89017,ACM TRANSACTIONS ON ARCHITECTURE AND CODE OPTIMIZATION,2015,3
89018,ACM TRANSACTIONS ON ARCHITECTURE AND CODE OPTIMIZATION,2016,3
89019,ACM TRANSACTIONS ON ARCHITECTURE AND CODE OPTIMIZATION,2016,2
89020,ACM TRANSACTIONS ON ARCHITECTURE AND CODE OPTIMIZATION,2016,3
89021,ACM TRANSACTIONS ON ARCHITECTURE AND CODE OPTIMIZATION,2016,3
89022,ACM TRANSACTIONS ON ARCHITECTURE AND CODE OPTIMIZATION,2017,3
89023,ACM TRANSACTIONS ON ARCHITECTURE AND CODE OPTIMIZATION,2017,3
89024,ACM TRANSACTIONS ON ARCHITECTURE AND CODE OPTIMIZATION,2017,2
89025,ACM TRANSACTIONS ON ARCHITECTURE AND CODE OPTIMIZATION,2017,3
89026,ACM TRANSACTIONS ON ARCHITECTURE AND CODE OPTIMIZATION,2018,3
89027,ACM TRANSACTIONS ON ARCHITECTURE AND CODE OPTIMIZATION,2018,6
89028,ACM TRANSACTIONS ON ARCHITECTURE AND CODE OPTIMIZATION,2018,3
89029,ACM TRANSACTIONS ON ARCHITECTURE AND CODE OPTIMIZATION,2018,3
89030,ACM TRANSACTIONS ON ASIAN AND LOW-RESOURCE LANGUAGE INFORMATION PROCESSING,2015,0
89031,ACM TRANSACTIONS ON ASIAN AND LOW-RESOURCE LANGUAGE INFORMATION PROCESSING,2015,2
89032,ACM TRANSACTIONS ON ASIAN AND LOW-RESOURCE LANGUAGE INFORMATION PROCESSING,2015,2
89033,ACM TRANSACTIONS ON ASIAN AND LOW-RESOURCE LANGUAGE INFORMATION PROCESSING,2015,2
89034,ACM TRANSACTIONS ON ASIAN AND LOW-RESOURCE LANGUAGE INFORMATION PROCESSING,2016,5
89035,ACM TRANSACTIONS ON ASIAN AND LOW-RESOURCE LANGUAGE INFORMATION PROCESSING,2016,6
89036,ACM TRANSACTIONS ON ASIAN AND LOW-RESOURCE LANGUAGE INFORMATION PROCESSING,2016,0
89037,ACM TRANSACTIONS ON ASIAN AND LOW-RESOURCE LANGUAGE INFORMATION PROCESSING,2016,2
89038,ACM TRANSACTIONS ON ASIAN AND LOW-RESOURCE LANGUAGE INFORMATION PROCESSING,2017,5
89039,ACM TRANSACTIONS ON ASIAN AND LOW-RESOURCE LANGUAGE INFORMATION PROCESSING,2017,5
89040,ACM TRANSACTIONS ON ASIAN AND LOW-RESOURCE LANGUAGE INFORMATION PROCESSING,2017,2
89041,ACM TRANSACTIONS ON ASIAN AND LOW-RESOURCE LANGUAGE INFORMATION PROCESSING,2017,0
89042,ACM TRANSACTIONS ON ASIAN AND LOW-RESOURCE LANGUAGE INFORMATION PROCESSING,2018,2
89043,ACM TRANSACTIONS ON ASIAN AND LOW-RESOURCE LANGUAGE INFORMATION PROCESSING,2018,6
89044,ACM TRANSACTIONS ON ASIAN AND LOW-RESOURCE LANGUAGE INFORMATION PROCESSING,2018,3
89045,ACM TRANSACTIONS ON ASIAN AND LOW-RESOURCE LANGUAGE INFORMATION PROCESSING,2018,5
89046,ACM TRANSACTIONS ON AUTONOMOUS AND ADAPTIVE SYSTEMS,2006,5
89047,ACM TRANSACTIONS ON AUTONOMOUS AND ADAPTIVE SYSTEMS,2006,5
89048,ACM TRANSACTIONS ON AUTONOMOUS AND ADAPTIVE SYSTEMS,2006,5
89049,ACM TRANSACTIONS ON AUTONOMOUS AND ADAPTIVE SYSTEMS,2006,5
89050,ACM TRANSACTIONS ON AUTONOMOUS AND ADAPTIVE SYSTEMS,2007,5
89051,ACM TRANSACTIONS ON AUTONOMOUS AND ADAPTIVE SYSTEMS,2007,5
89052,ACM TRANSACTIONS ON AUTONOMOUS AND ADAPTIVE SYSTEMS,2007,5
89053,ACM TRANSACTIONS ON AUTONOMOUS AND ADAPTIVE SYSTEMS,2007,5
89054,ACM TRANSACTIONS ON AUTONOMOUS AND ADAPTIVE SYSTEMS,2008,3
89055,ACM TRANSACTIONS ON AUTONOMOUS AND ADAPTIVE SYSTEMS,2008,4
89056,ACM TRANSACTIONS ON AUTONOMOUS AND ADAPTIVE SYSTEMS,2008,2
89057,ACM TRANSACTIONS ON AUTONOMOUS AND ADAPTIVE SYSTEMS,2008,6
89058,ACM TRANSACTIONS ON AUTONOMOUS AND ADAPTIVE SYSTEMS,2009,5
89059,ACM TRANSACTIONS ON AUTONOMOUS AND ADAPTIVE SYSTEMS,2009,7
89060,ACM TRANSACTIONS ON AUTONOMOUS AND ADAPTIVE SYSTEMS,2009,4
89061,ACM TRANSACTIONS ON AUTONOMOUS AND ADAPTIVE SYSTEMS,2009,2
89062,ACM TRANSACTIONS ON AUTONOMOUS AND ADAPTIVE SYSTEMS,2010,5
89063,ACM TRANSACTIONS ON AUTONOMOUS AND ADAPTIVE SYSTEMS,2010,5
89064,ACM TRANSACTIONS ON AUTONOMOUS AND ADAPTIVE SYSTEMS,2010,4
89065,ACM TRANSACTIONS ON AUTONOMOUS AND ADAPTIVE SYSTEMS,2010,2
89066,ACM TRANSACTIONS ON AUTONOMOUS AND ADAPTIVE SYSTEMS,2011,4
89067,ACM TRANSACTIONS ON AUTONOMOUS AND ADAPTIVE SYSTEMS,2011,4
89068,ACM TRANSACTIONS ON AUTONOMOUS AND ADAPTIVE SYSTEMS,2011,7
89069,ACM TRANSACTIONS ON AUTONOMOUS AND ADAPTIVE SYSTEMS,2011,5
89070,ACM TRANSACTIONS ON AUTONOMOUS AND ADAPTIVE SYSTEMS,2012,5
89071,ACM TRANSACTIONS ON AUTONOMOUS AND ADAPTIVE SYSTEMS,2012,5
89072,ACM TRANSACTIONS ON AUTONOMOUS AND ADAPTIVE SYSTEMS,2012,5
89073,ACM TRANSACTIONS ON AUTONOMOUS AND ADAPTIVE SYSTEMS,2012,2
89074,ACM TRANSACTIONS ON AUTONOMOUS AND ADAPTIVE SYSTEMS,2013,5
89075,ACM TRANSACTIONS ON AUTONOMOUS AND ADAPTIVE SYSTEMS,2013,3
89076,ACM TRANSACTIONS ON AUTONOMOUS AND ADAPTIVE SYSTEMS,2013,4
89077,ACM TRANSACTIONS ON AUTONOMOUS AND ADAPTIVE SYSTEMS,2013,6
89078,ACM TRANSACTIONS ON AUTONOMOUS AND ADAPTIVE SYSTEMS,2014,5
89079,ACM TRANSACTIONS ON AUTONOMOUS AND ADAPTIVE SYSTEMS,2014,5
89080,ACM TRANSACTIONS ON AUTONOMOUS AND ADAPTIVE SYSTEMS,2014,5
89081,ACM TRANSACTIONS ON AUTONOMOUS AND ADAPTIVE SYSTEMS,2014,5
89082,ACM TRANSACTIONS ON AUTONOMOUS AND ADAPTIVE SYSTEMS,2015,5
89083,ACM TRANSACTIONS ON AUTONOMOUS AND ADAPTIVE SYSTEMS,2015,5
89084,ACM TRANSACTIONS ON AUTONOMOUS AND ADAPTIVE SYSTEMS,2015,5
89085,ACM TRANSACTIONS ON AUTONOMOUS AND ADAPTIVE SYSTEMS,2015,4
89086,ACM TRANSACTIONS ON AUTONOMOUS AND ADAPTIVE SYSTEMS,2016,5
89087,ACM TRANSACTIONS ON AUTONOMOUS AND ADAPTIVE SYSTEMS,2016,4
89088,ACM TRANSACTIONS ON AUTONOMOUS AND ADAPTIVE SYSTEMS,2016,5
89089,ACM TRANSACTIONS ON AUTONOMOUS AND ADAPTIVE SYSTEMS,2016,7
89090,ACM TRANSACTIONS ON AUTONOMOUS AND ADAPTIVE SYSTEMS,2017,7
89091,ACM TRANSACTIONS ON AUTONOMOUS AND ADAPTIVE SYSTEMS,2017,5
89092,ACM TRANSACTIONS ON AUTONOMOUS AND ADAPTIVE SYSTEMS,2017,3
89093,ACM TRANSACTIONS ON AUTONOMOUS AND ADAPTIVE SYSTEMS,2017,5
89094,ACM TRANSACTIONS ON AUTONOMOUS AND ADAPTIVE SYSTEMS,2018,4
89095,ACM TRANSACTIONS ON AUTONOMOUS AND ADAPTIVE SYSTEMS,2018,3
89096,ACM TRANSACTIONS ON AUTONOMOUS AND ADAPTIVE SYSTEMS,2018,5
89097,ACM TRANSACTIONS ON AUTONOMOUS AND ADAPTIVE SYSTEMS,2018,5
89098,ACM TRANSACTIONS ON COMPUTATIONAL LOGIC,2006,2
89099,ACM TRANSACTIONS ON COMPUTATIONAL LOGIC,2006,2
89100,ACM TRANSACTIONS ON COMPUTATIONAL LOGIC,2006,2
89101,ACM TRANSACTIONS ON COMPUTATIONAL LOGIC,2006,2
89102,ACM TRANSACTIONS ON COMPUTATIONAL LOGIC,2007,2
89103,ACM TRANSACTIONS ON COMPUTATIONAL LOGIC,2007,2
89104,ACM TRANSACTIONS ON COMPUTATIONAL LOGIC,2007,2
89105,ACM TRANSACTIONS ON COMPUTATIONAL LOGIC,2007,2
89106,ACM TRANSACTIONS ON COMPUTATIONAL LOGIC,2008,2
89107,ACM TRANSACTIONS ON COMPUTATIONAL LOGIC,2008,2
89108,ACM TRANSACTIONS ON COMPUTATIONAL LOGIC,2008,2
89109,ACM TRANSACTIONS ON COMPUTATIONAL LOGIC,2008,2
89110,ACM TRANSACTIONS ON COMPUTATIONAL LOGIC,2009,2
89111,ACM TRANSACTIONS ON COMPUTATIONAL LOGIC,2009,5
89112,ACM TRANSACTIONS ON COMPUTATIONAL LOGIC,2009,2
89113,ACM TRANSACTIONS ON COMPUTATIONAL LOGIC,2009,2
89114,ACM TRANSACTIONS ON COMPUTATIONAL LOGIC,2010,2
89115,ACM TRANSACTIONS ON COMPUTATIONAL LOGIC,2010,0
89116,ACM TRANSACTIONS ON COMPUTATIONAL LOGIC,2010,2
89117,ACM TRANSACTIONS ON COMPUTATIONAL LOGIC,2010,5
89118,ACM TRANSACTIONS ON COMPUTATIONAL LOGIC,2011,2
89119,ACM TRANSACTIONS ON COMPUTATIONAL LOGIC,2011,2
89120,ACM TRANSACTIONS ON COMPUTATIONAL LOGIC,2011,2
89121,ACM TRANSACTIONS ON COMPUTATIONAL LOGIC,2011,2
89122,ACM TRANSACTIONS ON COMPUTATIONAL LOGIC,2012,2
89123,ACM TRANSACTIONS ON COMPUTATIONAL LOGIC,2012,2
89124,ACM TRANSACTIONS ON COMPUTATIONAL LOGIC,2012,2
89125,ACM TRANSACTIONS ON COMPUTATIONAL LOGIC,2012,2
89126,ACM TRANSACTIONS ON COMPUTATIONAL LOGIC,2013,2
89127,ACM TRANSACTIONS ON COMPUTATIONAL LOGIC,2013,2
89128,ACM TRANSACTIONS ON COMPUTATIONAL LOGIC,2013,2
89129,ACM TRANSACTIONS ON COMPUTATIONAL LOGIC,2013,2
89130,ACM TRANSACTIONS ON COMPUTATIONAL LOGIC,2014,2
89131,ACM TRANSACTIONS ON COMPUTATIONAL LOGIC,2014,2
89132,ACM TRANSACTIONS ON COMPUTATIONAL LOGIC,2014,2
89133,ACM TRANSACTIONS ON COMPUTATIONAL LOGIC,2014,6
89134,ACM TRANSACTIONS ON COMPUTATIONAL LOGIC,2015,2
89135,ACM TRANSACTIONS ON COMPUTATIONAL LOGIC,2015,0
89136,ACM TRANSACTIONS ON COMPUTATIONAL LOGIC,2015,2
89137,ACM TRANSACTIONS ON COMPUTATIONAL LOGIC,2015,2
89138,ACM TRANSACTIONS ON COMPUTATIONAL LOGIC,2016,2
89139,ACM TRANSACTIONS ON COMPUTATIONAL LOGIC,2016,2
89140,ACM TRANSACTIONS ON COMPUTATIONAL LOGIC,2016,2
89141,ACM TRANSACTIONS ON COMPUTATIONAL LOGIC,2016,2
89142,ACM TRANSACTIONS ON COMPUTATIONAL LOGIC,2017,2
89143,ACM TRANSACTIONS ON COMPUTATIONAL LOGIC,2017,2
89144,ACM TRANSACTIONS ON COMPUTATIONAL LOGIC,2017,2
89145,ACM TRANSACTIONS ON COMPUTATIONAL LOGIC,2017,2
89146,ACM TRANSACTIONS ON COMPUTATIONAL LOGIC,2018,2
89147,ACM TRANSACTIONS ON COMPUTATIONAL LOGIC,2018,2
89148,ACM TRANSACTIONS ON COMPUTATIONAL LOGIC,2018,2
89149,ACM TRANSACTIONS ON COMPUTATIONAL LOGIC,2018,2
89150,ACM TRANSACTIONS ON COMPUTER-HUMAN INTERACTION,2007,5
89151,ACM TRANSACTIONS ON COMPUTER-HUMAN INTERACTION,2007,6
89152,ACM TRANSACTIONS ON COMPUTER-HUMAN INTERACTION,2007,4
89153,ACM TRANSACTIONS ON COMPUTER-HUMAN INTERACTION,2007,5
89154,ACM TRANSACTIONS ON COMPUTER-HUMAN INTERACTION,2008,5
89155,ACM TRANSACTIONS ON COMPUTER-HUMAN INTERACTION,2008,4
89156,ACM TRANSACTIONS ON COMPUTER-HUMAN INTERACTION,2008,5
89157,ACM TRANSACTIONS ON COMPUTER-HUMAN INTERACTION,2008,1
89158,ACM TRANSACTIONS ON COMPUTER-HUMAN INTERACTION,2009,6
89159,ACM TRANSACTIONS ON COMPUTER-HUMAN INTERACTION,2009,5
89160,ACM TRANSACTIONS ON COMPUTER-HUMAN INTERACTION,2009,5
89161,ACM TRANSACTIONS ON COMPUTER-HUMAN INTERACTION,2009,5
89162,ACM TRANSACTIONS ON COMPUTER-HUMAN INTERACTION,2010,5
89163,ACM TRANSACTIONS ON COMPUTER-HUMAN INTERACTION,2010,5
89164,ACM TRANSACTIONS ON COMPUTER-HUMAN INTERACTION,2010,1
89165,ACM TRANSACTIONS ON COMPUTER-HUMAN INTERACTION,2010,4
89166,ACM TRANSACTIONS ON COMPUTER-HUMAN INTERACTION,2011,6
89167,ACM TRANSACTIONS ON COMPUTER-HUMAN INTERACTION,2011,5
89168,ACM TRANSACTIONS ON COMPUTER-HUMAN INTERACTION,2011,5
89169,ACM TRANSACTIONS ON COMPUTER-HUMAN INTERACTION,2011,5
89170,ACM TRANSACTIONS ON COMPUTER-HUMAN INTERACTION,2012,5
89171,ACM TRANSACTIONS ON COMPUTER-HUMAN INTERACTION,2012,5
89172,ACM TRANSACTIONS ON COMPUTER-HUMAN INTERACTION,2012,5
89173,ACM TRANSACTIONS ON COMPUTER-HUMAN INTERACTION,2012,5
89174,ACM TRANSACTIONS ON COMPUTER-HUMAN INTERACTION,2013,5
89175,ACM TRANSACTIONS ON COMPUTER-HUMAN INTERACTION,2013,5
89176,ACM TRANSACTIONS ON COMPUTER-HUMAN INTERACTION,2013,5
89177,ACM TRANSACTIONS ON COMPUTER-HUMAN INTERACTION,2013,5
89178,ACM TRANSACTIONS ON COMPUTER-HUMAN INTERACTION,2014,4
89179,ACM TRANSACTIONS ON COMPUTER-HUMAN INTERACTION,2014,6
89180,ACM TRANSACTIONS ON COMPUTER-HUMAN INTERACTION,2014,4
89181,ACM TRANSACTIONS ON COMPUTER-HUMAN INTERACTION,2014,5
89182,ACM TRANSACTIONS ON COMPUTER-HUMAN INTERACTION,2015,5
89183,ACM TRANSACTIONS ON COMPUTER-HUMAN INTERACTION,2015,5
89184,ACM TRANSACTIONS ON COMPUTER-HUMAN INTERACTION,2015,5
89185,ACM TRANSACTIONS ON COMPUTER-HUMAN INTERACTION,2015,5
89186,ACM TRANSACTIONS ON COMPUTER-HUMAN INTERACTION,2016,4
89187,ACM TRANSACTIONS ON COMPUTER-HUMAN INTERACTION,2016,5
89188,ACM TRANSACTIONS ON COMPUTER-HUMAN INTERACTION,2016,5
89189,ACM TRANSACTIONS ON COMPUTER-HUMAN INTERACTION,2016,4
89190,ACM TRANSACTIONS ON COMPUTER-HUMAN INTERACTION,2017,4
89191,ACM TRANSACTIONS ON COMPUTER-HUMAN INTERACTION,2017,5
89192,ACM TRANSACTIONS ON COMPUTER-HUMAN INTERACTION,2017,5
89193,ACM TRANSACTIONS ON COMPUTER-HUMAN INTERACTION,2017,4
89194,ACM TRANSACTIONS ON COMPUTER-HUMAN INTERACTION,2018,5
89196,ACM TRANSACTIONS ON COMPUTER-HUMAN INTERACTION,2018,5
89197,ACM TRANSACTIONS ON COMPUTER-HUMAN INTERACTION,2018,5
89198,ACM TRANSACTIONS ON COMPUTER SYSTEMS,2000,3
89199,ACM TRANSACTIONS ON COMPUTER SYSTEMS,2000,3
89200,ACM TRANSACTIONS ON COMPUTER SYSTEMS,2000,7
89201,ACM TRANSACTIONS ON COMPUTER SYSTEMS,2000,3
89202,ACM TRANSACTIONS ON COMPUTER SYSTEMS,2001,4
89203,ACM TRANSACTIONS ON COMPUTER SYSTEMS,2001,3
89204,ACM TRANSACTIONS ON COMPUTER SYSTEMS,2001,5
89205,ACM TRANSACTIONS ON COMPUTER SYSTEMS,2001,2
89206,ACM TRANSACTIONS ON COMPUTER SYSTEMS,2002,5
89207,ACM TRANSACTIONS ON COMPUTER SYSTEMS,2002,5
89208,ACM TRANSACTIONS ON COMPUTER SYSTEMS,2002,5
89209,ACM TRANSACTIONS ON COMPUTER SYSTEMS,2002,3
89210,ACM TRANSACTIONS ON COMPUTER SYSTEMS,2003,3
89211,ACM TRANSACTIONS ON COMPUTER SYSTEMS,2003,5
89212,ACM TRANSACTIONS ON COMPUTER SYSTEMS,2003,2
89213,ACM TRANSACTIONS ON COMPUTER SYSTEMS,2003,3
89214,ACM TRANSACTIONS ON COMPUTER SYSTEMS,2004,5
89215,ACM TRANSACTIONS ON COMPUTER SYSTEMS,2004,5
89216,ACM TRANSACTIONS ON COMPUTER SYSTEMS,2004,3
89217,ACM TRANSACTIONS ON COMPUTER SYSTEMS,2004,3
89218,ACM TRANSACTIONS ON COMPUTER SYSTEMS,2005,5
89219,ACM TRANSACTIONS ON COMPUTER SYSTEMS,2005,5
89220,ACM TRANSACTIONS ON COMPUTER SYSTEMS,2005,3
89221,ACM TRANSACTIONS ON COMPUTER SYSTEMS,2005,5
89222,ACM TRANSACTIONS ON COMPUTER SYSTEMS,2006,5
89223,ACM TRANSACTIONS ON COMPUTER SYSTEMS,2006,7
89224,ACM TRANSACTIONS ON COMPUTER SYSTEMS,2006,5
89225,ACM TRANSACTIONS ON COMPUTER SYSTEMS,2006,5
89226,ACM TRANSACTIONS ON COMPUTER SYSTEMS,2007,5
89227,ACM TRANSACTIONS ON COMPUTER SYSTEMS,2007,5
89228,ACM TRANSACTIONS ON COMPUTER SYSTEMS,2007,3
89229,ACM TRANSACTIONS ON COMPUTER SYSTEMS,2007,3
89230,ACM TRANSACTIONS ON COMPUTER SYSTEMS,2008,3
89231,ACM TRANSACTIONS ON COMPUTER SYSTEMS,2008,5
89232,ACM TRANSACTIONS ON COMPUTER SYSTEMS,2008,5
89233,ACM TRANSACTIONS ON COMPUTER SYSTEMS,2008,2
89234,ACM TRANSACTIONS ON COMPUTER SYSTEMS,2009,3
89235,ACM TRANSACTIONS ON COMPUTER SYSTEMS,2009,3
89236,ACM TRANSACTIONS ON COMPUTER SYSTEMS,2009,5
89237,ACM TRANSACTIONS ON COMPUTER SYSTEMS,2009,5
89238,ACM TRANSACTIONS ON COMPUTER SYSTEMS,2010,3
89239,ACM TRANSACTIONS ON COMPUTER SYSTEMS,2010,5
89240,ACM TRANSACTIONS ON COMPUTER SYSTEMS,2010,5
89241,ACM TRANSACTIONS ON COMPUTER SYSTEMS,2010,2
89242,ACM TRANSACTIONS ON COMPUTER SYSTEMS,2011,5
89243,ACM TRANSACTIONS ON COMPUTER SYSTEMS,2011,3
89244,ACM TRANSACTIONS ON COMPUTER SYSTEMS,2011,5
89245,ACM TRANSACTIONS ON COMPUTER SYSTEMS,2011,5
89246,ACM TRANSACTIONS ON COMPUTER SYSTEMS,2012,3
89247,ACM TRANSACTIONS ON COMPUTER SYSTEMS,2012,5
89248,ACM TRANSACTIONS ON COMPUTER SYSTEMS,2012,5
89249,ACM TRANSACTIONS ON COMPUTER SYSTEMS,2012,3
89250,ACM TRANSACTIONS ON COMPUTER SYSTEMS,2013,5
89251,ACM TRANSACTIONS ON COMPUTER SYSTEMS,2013,3
89252,ACM TRANSACTIONS ON COMPUTER SYSTEMS,2013,2
89253,ACM TRANSACTIONS ON COMPUTER SYSTEMS,2013,5
89254,ACM TRANSACTIONS ON COMPUTER SYSTEMS,2014,5
89255,ACM TRANSACTIONS ON COMPUTER SYSTEMS,2014,2
89256,ACM TRANSACTIONS ON COMPUTER SYSTEMS,2014,3
89257,ACM TRANSACTIONS ON COMPUTER SYSTEMS,2014,3
89258,ACM TRANSACTIONS ON COMPUTER SYSTEMS,2015,5
89259,ACM TRANSACTIONS ON COMPUTER SYSTEMS,2015,3
89260,ACM TRANSACTIONS ON COMPUTER SYSTEMS,2015,3
89261,ACM TRANSACTIONS ON COMPUTER SYSTEMS,2015,5
89262,ACM TRANSACTIONS ON COMPUTER SYSTEMS,2016,3
89263,ACM TRANSACTIONS ON COMPUTER SYSTEMS,2016,3
89264,ACM TRANSACTIONS ON COMPUTER SYSTEMS,2016,3
89265,ACM TRANSACTIONS ON COMPUTER SYSTEMS,2016,3
89266,ACM TRANSACTIONS ON COMPUTER SYSTEMS,2017,3
89267,ACM TRANSACTIONS ON COMPUTER SYSTEMS,2017,3
89268,ACM TRANSACTIONS ON COMPUTER SYSTEMS,2017,3
89269,ACM TRANSACTIONS ON COMPUTER SYSTEMS,2017,1
89270,ACM TRANSACTIONS ON COMPUTER SYSTEMS,2018,5
89271,ACM TRANSACTIONS ON COMPUTER SYSTEMS,2018,5
89272,ACM TRANSACTIONS ON COMPUTER SYSTEMS,2018,4
89273,ACM TRANSACTIONS ON COMPUTING EDUCATION,2013,5
89274,ACM TRANSACTIONS ON COMPUTING EDUCATION,2013,5
89275,ACM TRANSACTIONS ON COMPUTING EDUCATION,2013,5
89276,ACM TRANSACTIONS ON COMPUTING EDUCATION,2013,5
89277,ACM TRANSACTIONS ON COMPUTING EDUCATION,2014,5
89278,ACM TRANSACTIONS ON COMPUTING EDUCATION,2014,5
89279,ACM TRANSACTIONS ON COMPUTING EDUCATION,2014,5
89280,ACM TRANSACTIONS ON COMPUTING EDUCATION,2014,5
89281,ACM TRANSACTIONS ON COMPUTING EDUCATION,2015,5
89282,ACM TRANSACTIONS ON COMPUTING EDUCATION,2015,5
89283,ACM TRANSACTIONS ON COMPUTING EDUCATION,2015,5
89284,ACM TRANSACTIONS ON COMPUTING EDUCATION,2015,5
89285,ACM TRANSACTIONS ON COMPUTING EDUCATION,2016,5
89286,ACM TRANSACTIONS ON COMPUTING EDUCATION,2016,5
89287,ACM TRANSACTIONS ON COMPUTING EDUCATION,2016,5
89288,ACM TRANSACTIONS ON COMPUTING EDUCATION,2016,5
89289,ACM TRANSACTIONS ON COMPUTING EDUCATION,2017,5
89290,ACM TRANSACTIONS ON COMPUTING EDUCATION,2017,5
89291,ACM TRANSACTIONS ON COMPUTING EDUCATION,2017,5
89292,ACM TRANSACTIONS ON COMPUTING EDUCATION,2017,5
89293,ACM TRANSACTIONS ON COMPUTING EDUCATION,2018,5
89294,ACM TRANSACTIONS ON COMPUTING EDUCATION,2018,5
89295,ACM TRANSACTIONS ON COMPUTING EDUCATION,2018,5
89296,ACM TRANSACTIONS ON COMPUTING EDUCATION,2018,5
89297,ACM TRANSACTIONS ON DATABASE SYSTEMS,2000,2
89298,ACM TRANSACTIONS ON DATABASE SYSTEMS,2000,0
89299,ACM TRANSACTIONS ON DATABASE SYSTEMS,2000,5
89300,ACM TRANSACTIONS ON DATABASE SYSTEMS,2000,5
89301,ACM TRANSACTIONS ON DATABASE SYSTEMS,2001,5
89302,ACM TRANSACTIONS ON DATABASE SYSTEMS,2001,0
89303,ACM TRANSACTIONS ON DATABASE SYSTEMS,2001,6
89304,ACM TRANSACTIONS ON DATABASE SYSTEMS,2001,5
89305,ACM TRANSACTIONS ON DATABASE SYSTEMS,2002,2
89306,ACM TRANSACTIONS ON DATABASE SYSTEMS,2002,1
89307,ACM TRANSACTIONS ON DATABASE SYSTEMS,2002,5
89308,ACM TRANSACTIONS ON DATABASE SYSTEMS,2002,1
89309,ACM TRANSACTIONS ON DATABASE SYSTEMS,2003,2
89310,ACM TRANSACTIONS ON DATABASE SYSTEMS,2003,2
89311,ACM TRANSACTIONS ON DATABASE SYSTEMS,2003,1
89312,ACM TRANSACTIONS ON DATABASE SYSTEMS,2003,1
89313,ACM TRANSACTIONS ON DATABASE SYSTEMS,2004,0
89314,ACM TRANSACTIONS ON DATABASE SYSTEMS,2004,2
89315,ACM TRANSACTIONS ON DATABASE SYSTEMS,2004,1
89316,ACM TRANSACTIONS ON DATABASE SYSTEMS,2004,0
89317,ACM TRANSACTIONS ON DATABASE SYSTEMS,2005,7
89318,ACM TRANSACTIONS ON DATABASE SYSTEMS,2005,1
89319,ACM TRANSACTIONS ON DATABASE SYSTEMS,2005,1
89320,ACM TRANSACTIONS ON DATABASE SYSTEMS,2005,0
89321,ACM TRANSACTIONS ON DATABASE SYSTEMS,2006,2
89322,ACM TRANSACTIONS ON DATABASE SYSTEMS,2006,2
89323,ACM TRANSACTIONS ON DATABASE SYSTEMS,2006,2
89324,ACM TRANSACTIONS ON DATABASE SYSTEMS,2006,2
89325,ACM TRANSACTIONS ON DATABASE SYSTEMS,2007,1
89326,ACM TRANSACTIONS ON DATABASE SYSTEMS,2007,0
89327,ACM TRANSACTIONS ON DATABASE SYSTEMS,2007,2
89328,ACM TRANSACTIONS ON DATABASE SYSTEMS,2007,6
89329,ACM TRANSACTIONS ON DATABASE SYSTEMS,2008,1
89330,ACM TRANSACTIONS ON DATABASE SYSTEMS,2008,0
89331,ACM TRANSACTIONS ON DATABASE SYSTEMS,2008,5
89332,ACM TRANSACTIONS ON DATABASE SYSTEMS,2008,2
89333,ACM TRANSACTIONS ON DATABASE SYSTEMS,2009,2
89334,ACM TRANSACTIONS ON DATABASE SYSTEMS,2009,1
89335,ACM TRANSACTIONS ON DATABASE SYSTEMS,2009,3
89336,ACM TRANSACTIONS ON DATABASE SYSTEMS,2009,0
89337,ACM TRANSACTIONS ON DATABASE SYSTEMS,2010,5
89338,ACM TRANSACTIONS ON DATABASE SYSTEMS,2010,1
89339,ACM TRANSACTIONS ON DATABASE SYSTEMS,2010,1
89340,ACM TRANSACTIONS ON DATABASE SYSTEMS,2010,2
89341,ACM TRANSACTIONS ON DATABASE SYSTEMS,2011,0
89342,ACM TRANSACTIONS ON DATABASE SYSTEMS,2011,1
89343,ACM TRANSACTIONS ON DATABASE SYSTEMS,2011,0
89344,ACM TRANSACTIONS ON DATABASE SYSTEMS,2011,2
89345,ACM TRANSACTIONS ON DATABASE SYSTEMS,2012,1
89346,ACM TRANSACTIONS ON DATABASE SYSTEMS,2012,2
89347,ACM TRANSACTIONS ON DATABASE SYSTEMS,2012,0
89348,ACM TRANSACTIONS ON DATABASE SYSTEMS,2012,1
89349,ACM TRANSACTIONS ON DATABASE SYSTEMS,2013,3
89350,ACM TRANSACTIONS ON DATABASE SYSTEMS,2013,6
89351,ACM TRANSACTIONS ON DATABASE SYSTEMS,2013,1
89352,ACM TRANSACTIONS ON DATABASE SYSTEMS,2013,2
89353,ACM TRANSACTIONS ON DATABASE SYSTEMS,2014,0
89354,ACM TRANSACTIONS ON DATABASE SYSTEMS,2014,1
89355,ACM TRANSACTIONS ON DATABASE SYSTEMS,2014,1
89356,ACM TRANSACTIONS ON DATABASE SYSTEMS,2014,6
89357,ACM TRANSACTIONS ON DATABASE SYSTEMS,2015,1
89358,ACM TRANSACTIONS ON DATABASE SYSTEMS,2015,1
89359,ACM TRANSACTIONS ON DATABASE SYSTEMS,2015,2
89360,ACM TRANSACTIONS ON DATABASE SYSTEMS,2015,6
89361,ACM TRANSACTIONS ON DATABASE SYSTEMS,2016,6
89362,ACM TRANSACTIONS ON DATABASE SYSTEMS,2016,0
89363,ACM TRANSACTIONS ON DATABASE SYSTEMS,2016,4
89364,ACM TRANSACTIONS ON DATABASE SYSTEMS,2016,0
89365,ACM TRANSACTIONS ON DATABASE SYSTEMS,2017,0
89366,ACM TRANSACTIONS ON DATABASE SYSTEMS,2017,2
89367,ACM TRANSACTIONS ON DATABASE SYSTEMS,2017,1
89368,ACM TRANSACTIONS ON DATABASE SYSTEMS,2017,1
89369,ACM TRANSACTIONS ON DATABASE SYSTEMS,2018,1
89370,ACM TRANSACTIONS ON DATABASE SYSTEMS,2018,7
89371,ACM TRANSACTIONS ON DATABASE SYSTEMS,2018,1
89372,ACM TRANSACTIONS ON DATABASE SYSTEMS,2018,1
89373,ACM TRANSACTIONS ON DESIGN AUTOMATION OF ELECTRONIC SYSTEMS,2000,3
89374,ACM TRANSACTIONS ON DESIGN AUTOMATION OF ELECTRONIC SYSTEMS,2000,3
89375,ACM TRANSACTIONS ON DESIGN AUTOMATION OF ELECTRONIC SYSTEMS,2000,3
89376,ACM TRANSACTIONS ON DESIGN AUTOMATION OF ELECTRONIC SYSTEMS,2000,3
89377,ACM TRANSACTIONS ON DESIGN AUTOMATION OF ELECTRONIC SYSTEMS,2001,3
89378,ACM TRANSACTIONS ON DESIGN AUTOMATION OF ELECTRONIC SYSTEMS,2001,3
89379,ACM TRANSACTIONS ON DESIGN AUTOMATION OF ELECTRONIC SYSTEMS,2001,3
89380,ACM TRANSACTIONS ON DESIGN AUTOMATION OF ELECTRONIC SYSTEMS,2001,3
89381,ACM TRANSACTIONS ON DESIGN AUTOMATION OF ELECTRONIC SYSTEMS,2002,3
89382,ACM TRANSACTIONS ON DESIGN AUTOMATION OF ELECTRONIC SYSTEMS,2002,3
89383,ACM TRANSACTIONS ON DESIGN AUTOMATION OF ELECTRONIC SYSTEMS,2002,3
89384,ACM TRANSACTIONS ON DESIGN AUTOMATION OF ELECTRONIC SYSTEMS,2002,3
89385,ACM TRANSACTIONS ON DESIGN AUTOMATION OF ELECTRONIC SYSTEMS,2003,0
89386,ACM TRANSACTIONS ON DESIGN AUTOMATION OF ELECTRONIC SYSTEMS,2003,3
89387,ACM TRANSACTIONS ON DESIGN AUTOMATION OF ELECTRONIC SYSTEMS,2003,0
89388,ACM TRANSACTIONS ON DESIGN AUTOMATION OF ELECTRONIC SYSTEMS,2003,3
89389,ACM TRANSACTIONS ON DESIGN AUTOMATION OF ELECTRONIC SYSTEMS,2004,2
89390,ACM TRANSACTIONS ON DESIGN AUTOMATION OF ELECTRONIC SYSTEMS,2004,3
89391,ACM TRANSACTIONS ON DESIGN AUTOMATION OF ELECTRONIC SYSTEMS,2004,3
89392,ACM TRANSACTIONS ON DESIGN AUTOMATION OF ELECTRONIC SYSTEMS,2004,5
89393,ACM TRANSACTIONS ON DESIGN AUTOMATION OF ELECTRONIC SYSTEMS,2005,3
89394,ACM TRANSACTIONS ON DESIGN AUTOMATION OF ELECTRONIC SYSTEMS,2005,3
89395,ACM TRANSACTIONS ON DESIGN AUTOMATION OF ELECTRONIC SYSTEMS,2005,2
89396,ACM TRANSACTIONS ON DESIGN AUTOMATION OF ELECTRONIC SYSTEMS,2005,3
89397,ACM TRANSACTIONS ON DESIGN AUTOMATION OF ELECTRONIC SYSTEMS,2006,3
89398,ACM TRANSACTIONS ON DESIGN AUTOMATION OF ELECTRONIC SYSTEMS,2006,3
89399,ACM TRANSACTIONS ON DESIGN AUTOMATION OF ELECTRONIC SYSTEMS,2006,0
89400,ACM TRANSACTIONS ON DESIGN AUTOMATION OF ELECTRONIC SYSTEMS,2006,3
89401,ACM TRANSACTIONS ON DESIGN AUTOMATION OF ELECTRONIC SYSTEMS,2007,3
89402,ACM TRANSACTIONS ON DESIGN AUTOMATION OF ELECTRONIC SYSTEMS,2007,3
89403,ACM TRANSACTIONS ON DESIGN AUTOMATION OF ELECTRONIC SYSTEMS,2007,3
89404,ACM TRANSACTIONS ON DESIGN AUTOMATION OF ELECTRONIC SYSTEMS,2007,3
89405,ACM TRANSACTIONS ON DESIGN AUTOMATION OF ELECTRONIC SYSTEMS,2008,3
89406,ACM TRANSACTIONS ON DESIGN AUTOMATION OF ELECTRONIC SYSTEMS,2008,3
89407,ACM TRANSACTIONS ON DESIGN AUTOMATION OF ELECTRONIC SYSTEMS,2008,3
89408,ACM TRANSACTIONS ON DESIGN AUTOMATION OF ELECTRONIC SYSTEMS,2008,3
89409,ACM TRANSACTIONS ON DESIGN AUTOMATION OF ELECTRONIC SYSTEMS,2009,2
89410,ACM TRANSACTIONS ON DESIGN AUTOMATION OF ELECTRONIC SYSTEMS,2009,3
89411,ACM TRANSACTIONS ON DESIGN AUTOMATION OF ELECTRONIC SYSTEMS,2009,3
89412,ACM TRANSACTIONS ON DESIGN AUTOMATION OF ELECTRONIC SYSTEMS,2009,3
89413,ACM TRANSACTIONS ON DESIGN AUTOMATION OF ELECTRONIC SYSTEMS,2010,3
89414,ACM TRANSACTIONS ON DESIGN AUTOMATION OF ELECTRONIC SYSTEMS,2010,3
89415,ACM TRANSACTIONS ON DESIGN AUTOMATION OF ELECTRONIC SYSTEMS,2010,3
89416,ACM TRANSACTIONS ON DESIGN AUTOMATION OF ELECTRONIC SYSTEMS,2010,3
89417,ACM TRANSACTIONS ON DESIGN AUTOMATION OF ELECTRONIC SYSTEMS,2011,3
89418,ACM TRANSACTIONS ON DESIGN AUTOMATION OF ELECTRONIC SYSTEMS,2011,3
89419,ACM TRANSACTIONS ON DESIGN AUTOMATION OF ELECTRONIC SYSTEMS,2011,3
89420,ACM TRANSACTIONS ON DESIGN AUTOMATION OF ELECTRONIC SYSTEMS,2011,3
89421,ACM TRANSACTIONS ON DESIGN AUTOMATION OF ELECTRONIC SYSTEMS,2012,3
89422,ACM TRANSACTIONS ON DESIGN AUTOMATION OF ELECTRONIC SYSTEMS,2012,0
89423,ACM TRANSACTIONS ON DESIGN AUTOMATION OF ELECTRONIC SYSTEMS,2012,3
89424,ACM TRANSACTIONS ON DESIGN AUTOMATION OF ELECTRONIC SYSTEMS,2012,3
89425,ACM TRANSACTIONS ON DESIGN AUTOMATION OF ELECTRONIC SYSTEMS,2013,3
89426,ACM TRANSACTIONS ON DESIGN AUTOMATION OF ELECTRONIC SYSTEMS,2013,3
89427,ACM TRANSACTIONS ON DESIGN AUTOMATION OF ELECTRONIC SYSTEMS,2013,3
89428,ACM TRANSACTIONS ON DESIGN AUTOMATION OF ELECTRONIC SYSTEMS,2013,3
89429,ACM TRANSACTIONS ON DESIGN AUTOMATION OF ELECTRONIC SYSTEMS,2014,3
89430,ACM TRANSACTIONS ON DESIGN AUTOMATION OF ELECTRONIC SYSTEMS,2014,2
89431,ACM TRANSACTIONS ON DESIGN AUTOMATION OF ELECTRONIC SYSTEMS,2014,5
89432,ACM TRANSACTIONS ON DESIGN AUTOMATION OF ELECTRONIC SYSTEMS,2014,3
89433,ACM TRANSACTIONS ON DESIGN AUTOMATION OF ELECTRONIC SYSTEMS,2015,3
89434,ACM TRANSACTIONS ON DESIGN AUTOMATION OF ELECTRONIC SYSTEMS,2015,3
89435,ACM TRANSACTIONS ON DESIGN AUTOMATION OF ELECTRONIC SYSTEMS,2015,6
89436,ACM TRANSACTIONS ON DESIGN AUTOMATION OF ELECTRONIC SYSTEMS,2015,3
89437,ACM TRANSACTIONS ON DESIGN AUTOMATION OF ELECTRONIC SYSTEMS,2016,5
89438,ACM TRANSACTIONS ON DESIGN AUTOMATION OF ELECTRONIC SYSTEMS,2016,3
89439,ACM TRANSACTIONS ON DESIGN AUTOMATION OF ELECTRONIC SYSTEMS,2016,2
89440,ACM TRANSACTIONS ON DESIGN AUTOMATION OF ELECTRONIC SYSTEMS,2016,3
89441,ACM TRANSACTIONS ON DESIGN AUTOMATION OF ELECTRONIC SYSTEMS,2017,2
89442,ACM TRANSACTIONS ON DESIGN AUTOMATION OF ELECTRONIC SYSTEMS,2017,7
89443,ACM TRANSACTIONS ON DESIGN AUTOMATION OF ELECTRONIC SYSTEMS,2017,3
89444,ACM TRANSACTIONS ON DESIGN AUTOMATION OF ELECTRONIC SYSTEMS,2017,3
89445,ACM TRANSACTIONS ON DESIGN AUTOMATION OF ELECTRONIC SYSTEMS,2018,3
89446,ACM TRANSACTIONS ON DESIGN AUTOMATION OF ELECTRONIC SYSTEMS,2018,3
89447,ACM TRANSACTIONS ON DESIGN AUTOMATION OF ELECTRONIC SYSTEMS,2018,2
89448,ACM TRANSACTIONS ON DESIGN AUTOMATION OF ELECTRONIC SYSTEMS,2018,3
89449,ACM TRANSACTIONS ON EMBEDDED COMPUTING SYSTEMS,2007,7
89450,ACM TRANSACTIONS ON EMBEDDED COMPUTING SYSTEMS,2007,3
89451,ACM TRANSACTIONS ON EMBEDDED COMPUTING SYSTEMS,2007,0
89452,ACM TRANSACTIONS ON EMBEDDED COMPUTING SYSTEMS,2007,3
89453,ACM TRANSACTIONS ON EMBEDDED COMPUTING SYSTEMS,2008,5
89454,ACM TRANSACTIONS ON EMBEDDED COMPUTING SYSTEMS,2008,2
89455,ACM TRANSACTIONS ON EMBEDDED COMPUTING SYSTEMS,2008,3
89456,ACM TRANSACTIONS ON EMBEDDED COMPUTING SYSTEMS,2008,3
89457,ACM TRANSACTIONS ON EMBEDDED COMPUTING SYSTEMS,2009,3
89458,ACM TRANSACTIONS ON EMBEDDED COMPUTING SYSTEMS,2009,3
89459,ACM TRANSACTIONS ON EMBEDDED COMPUTING SYSTEMS,2009,3
89460,ACM TRANSACTIONS ON EMBEDDED COMPUTING SYSTEMS,2009,3
89461,ACM TRANSACTIONS ON EMBEDDED COMPUTING SYSTEMS,2010,7
89462,ACM TRANSACTIONS ON EMBEDDED COMPUTING SYSTEMS,2010,3
89463,ACM TRANSACTIONS ON EMBEDDED COMPUTING SYSTEMS,2010,3
89464,ACM TRANSACTIONS ON EMBEDDED COMPUTING SYSTEMS,2010,1
89465,ACM TRANSACTIONS ON EMBEDDED COMPUTING SYSTEMS,2011,3
89466,ACM TRANSACTIONS ON EMBEDDED COMPUTING SYSTEMS,2011,7
89467,ACM TRANSACTIONS ON EMBEDDED COMPUTING SYSTEMS,2011,7
89468,ACM TRANSACTIONS ON EMBEDDED COMPUTING SYSTEMS,2011,3
89469,ACM TRANSACTIONS ON EMBEDDED COMPUTING SYSTEMS,2012,3
89470,ACM TRANSACTIONS ON EMBEDDED COMPUTING SYSTEMS,2012,1
89471,ACM TRANSACTIONS ON EMBEDDED COMPUTING SYSTEMS,2012,7
89472,ACM TRANSACTIONS ON EMBEDDED COMPUTING SYSTEMS,2012,3
89473,ACM TRANSACTIONS ON EMBEDDED COMPUTING SYSTEMS,2013,3
89474,ACM TRANSACTIONS ON EMBEDDED COMPUTING SYSTEMS,2013,3
89475,ACM TRANSACTIONS ON EMBEDDED COMPUTING SYSTEMS,2013,3
89476,ACM TRANSACTIONS ON EMBEDDED COMPUTING SYSTEMS,2013,3
89477,ACM TRANSACTIONS ON EMBEDDED COMPUTING SYSTEMS,2014,3
89478,ACM TRANSACTIONS ON EMBEDDED COMPUTING SYSTEMS,2014,5
89479,ACM TRANSACTIONS ON EMBEDDED COMPUTING SYSTEMS,2014,3
89480,ACM TRANSACTIONS ON EMBEDDED COMPUTING SYSTEMS,2014,5
89481,ACM TRANSACTIONS ON EMBEDDED COMPUTING SYSTEMS,2015,7
89482,ACM TRANSACTIONS ON EMBEDDED COMPUTING SYSTEMS,2015,3
89483,ACM TRANSACTIONS ON EMBEDDED COMPUTING SYSTEMS,2015,3
89484,ACM TRANSACTIONS ON EMBEDDED COMPUTING SYSTEMS,2015,3
89485,ACM TRANSACTIONS ON EMBEDDED COMPUTING SYSTEMS,2016,5
89486,ACM TRANSACTIONS ON EMBEDDED COMPUTING SYSTEMS,2016,5
89487,ACM TRANSACTIONS ON EMBEDDED COMPUTING SYSTEMS,2016,3
89488,ACM TRANSACTIONS ON EMBEDDED COMPUTING SYSTEMS,2016,3
89489,ACM TRANSACTIONS ON EMBEDDED COMPUTING SYSTEMS,2017,5
89490,ACM TRANSACTIONS ON EMBEDDED COMPUTING SYSTEMS,2017,7
89491,ACM TRANSACTIONS ON EMBEDDED COMPUTING SYSTEMS,2017,7
89492,ACM TRANSACTIONS ON EMBEDDED COMPUTING SYSTEMS,2017,5
89493,ACM TRANSACTIONS ON EMBEDDED COMPUTING SYSTEMS,2018,6
89494,ACM TRANSACTIONS ON EMBEDDED COMPUTING SYSTEMS,2018,3
89495,ACM TRANSACTIONS ON EMBEDDED COMPUTING SYSTEMS,2018,3
89496,ACM TRANSACTIONS ON EMBEDDED COMPUTING SYSTEMS,2018,7
89497,ACM TRANSACTIONS ON GRAPHICS,2000,6
89498,ACM TRANSACTIONS ON GRAPHICS,2000,0
89499,ACM TRANSACTIONS ON GRAPHICS,2000,6
89500,ACM TRANSACTIONS ON GRAPHICS,2000,6
89501,ACM TRANSACTIONS ON GRAPHICS,2001,2
89502,ACM TRANSACTIONS ON GRAPHICS,2001,0
89503,ACM TRANSACTIONS ON GRAPHICS,2001,6
89504,ACM TRANSACTIONS ON GRAPHICS,2001,6
89505,ACM TRANSACTIONS ON GRAPHICS,2002,2
89506,ACM TRANSACTIONS ON GRAPHICS,2002,6
89507,ACM TRANSACTIONS ON GRAPHICS,2002,6
89508,ACM TRANSACTIONS ON GRAPHICS,2002,6
89509,ACM TRANSACTIONS ON GRAPHICS,2003,6
89510,ACM TRANSACTIONS ON GRAPHICS,2003,6
89511,ACM TRANSACTIONS ON GRAPHICS,2003,1
89512,ACM TRANSACTIONS ON GRAPHICS,2003,0
89513,ACM TRANSACTIONS ON GRAPHICS,2004,6
89514,ACM TRANSACTIONS ON GRAPHICS,2004,6
89515,ACM TRANSACTIONS ON GRAPHICS,2004,1
89516,ACM TRANSACTIONS ON GRAPHICS,2004,6
89517,ACM TRANSACTIONS ON GRAPHICS,2005,1
89518,ACM TRANSACTIONS ON GRAPHICS,2005,6
89519,ACM TRANSACTIONS ON GRAPHICS,2005,6
89520,ACM TRANSACTIONS ON GRAPHICS,2005,0
89521,ACM TRANSACTIONS ON GRAPHICS,2006,6
89522,ACM TRANSACTIONS ON GRAPHICS,2006,6
89523,ACM TRANSACTIONS ON GRAPHICS,2006,5
89524,ACM TRANSACTIONS ON GRAPHICS,2006,5
89525,ACM TRANSACTIONS ON GRAPHICS,2007,6
89526,ACM TRANSACTIONS ON GRAPHICS,2007,6
89527,ACM TRANSACTIONS ON GRAPHICS,2007,6
89528,ACM TRANSACTIONS ON GRAPHICS,2007,6
89529,ACM TRANSACTIONS ON GRAPHICS,2008,6
89530,ACM TRANSACTIONS ON GRAPHICS,2008,6
89531,ACM TRANSACTIONS ON GRAPHICS,2008,6
89532,ACM TRANSACTIONS ON GRAPHICS,2008,5
89533,ACM TRANSACTIONS ON GRAPHICS,2009,6
89534,ACM TRANSACTIONS ON GRAPHICS,2009,6
89535,ACM TRANSACTIONS ON GRAPHICS,2009,6
89536,ACM TRANSACTIONS ON GRAPHICS,2009,1
89537,ACM TRANSACTIONS ON GRAPHICS,2010,2
89538,ACM TRANSACTIONS ON GRAPHICS,2010,6
89539,ACM TRANSACTIONS ON GRAPHICS,2010,6
89540,ACM TRANSACTIONS ON GRAPHICS,2010,2
89541,ACM TRANSACTIONS ON GRAPHICS,2011,6
89542,ACM TRANSACTIONS ON GRAPHICS,2011,6
89543,ACM TRANSACTIONS ON GRAPHICS,2011,6
89544,ACM TRANSACTIONS ON GRAPHICS,2011,6
89545,ACM TRANSACTIONS ON GRAPHICS,2012,6
89546,ACM TRANSACTIONS ON GRAPHICS,2012,6
89547,ACM TRANSACTIONS ON GRAPHICS,2012,6
89548,ACM TRANSACTIONS ON GRAPHICS,2012,1
89549,ACM TRANSACTIONS ON GRAPHICS,2013,0
89550,ACM TRANSACTIONS ON GRAPHICS,2013,6
89551,ACM TRANSACTIONS ON GRAPHICS,2013,7
89552,ACM TRANSACTIONS ON GRAPHICS,2013,3
89553,ACM TRANSACTIONS ON GRAPHICS,2014,6
89554,ACM TRANSACTIONS ON GRAPHICS,2014,6
89555,ACM TRANSACTIONS ON GRAPHICS,2014,2
89556,ACM TRANSACTIONS ON GRAPHICS,2014,1
89557,ACM TRANSACTIONS ON GRAPHICS,2015,6
89558,ACM TRANSACTIONS ON GRAPHICS,2015,2
89559,ACM TRANSACTIONS ON GRAPHICS,2015,6
89560,ACM TRANSACTIONS ON GRAPHICS,2015,6
89561,ACM TRANSACTIONS ON GRAPHICS,2016,3
89562,ACM TRANSACTIONS ON GRAPHICS,2016,6
89563,ACM TRANSACTIONS ON GRAPHICS,2016,6
89564,ACM TRANSACTIONS ON GRAPHICS,2016,3
89565,ACM TRANSACTIONS ON GRAPHICS,2017,6
89566,ACM TRANSACTIONS ON GRAPHICS,2017,6
89567,ACM TRANSACTIONS ON GRAPHICS,2017,3
89568,ACM TRANSACTIONS ON GRAPHICS,2017,6
89569,ACM TRANSACTIONS ON GRAPHICS,2018,0
89570,ACM TRANSACTIONS ON GRAPHICS,2018,2
89571,ACM TRANSACTIONS ON GRAPHICS,2018,0
89572,ACM TRANSACTIONS ON GRAPHICS,2018,0
89573,ACM TRANSACTIONS ON INFORMATION SYSTEMS,2000,1
89574,ACM TRANSACTIONS ON INFORMATION SYSTEMS,2000,5
89575,ACM TRANSACTIONS ON INFORMATION SYSTEMS,2000,2
89576,ACM TRANSACTIONS ON INFORMATION SYSTEMS,2000,2
89577,ACM TRANSACTIONS ON INFORMATION SYSTEMS,2001,1
89578,ACM TRANSACTIONS ON INFORMATION SYSTEMS,2001,1
89579,ACM TRANSACTIONS ON INFORMATION SYSTEMS,2001,1
89580,ACM TRANSACTIONS ON INFORMATION SYSTEMS,2001,4
89581,ACM TRANSACTIONS ON INFORMATION SYSTEMS,2002,1
89582,ACM TRANSACTIONS ON INFORMATION SYSTEMS,2002,2
89583,ACM TRANSACTIONS ON INFORMATION SYSTEMS,2002,1
89584,ACM TRANSACTIONS ON INFORMATION SYSTEMS,2002,1
89585,ACM TRANSACTIONS ON INFORMATION SYSTEMS,2003,2
89586,ACM TRANSACTIONS ON INFORMATION SYSTEMS,2003,4
89587,ACM TRANSACTIONS ON INFORMATION SYSTEMS,2003,3
89588,ACM TRANSACTIONS ON INFORMATION SYSTEMS,2003,1
89589,ACM TRANSACTIONS ON INFORMATION SYSTEMS,2004,5
89590,ACM TRANSACTIONS ON INFORMATION SYSTEMS,2004,4
89591,ACM TRANSACTIONS ON INFORMATION SYSTEMS,2004,4
89592,ACM TRANSACTIONS ON INFORMATION SYSTEMS,2004,1
89593,ACM TRANSACTIONS ON INFORMATION SYSTEMS,2005,4
89594,ACM TRANSACTIONS ON INFORMATION SYSTEMS,2005,1
89595,ACM TRANSACTIONS ON INFORMATION SYSTEMS,2005,5
89596,ACM TRANSACTIONS ON INFORMATION SYSTEMS,2005,6
89597,ACM TRANSACTIONS ON INFORMATION SYSTEMS,2006,1
89598,ACM TRANSACTIONS ON INFORMATION SYSTEMS,2006,6
89599,ACM TRANSACTIONS ON INFORMATION SYSTEMS,2006,1
89600,ACM TRANSACTIONS ON INFORMATION SYSTEMS,2006,1
89601,ACM TRANSACTIONS ON INFORMATION SYSTEMS,2007,1
89602,ACM TRANSACTIONS ON INFORMATION SYSTEMS,2007,2
89603,ACM TRANSACTIONS ON INFORMATION SYSTEMS,2007,1
89604,ACM TRANSACTIONS ON INFORMATION SYSTEMS,2007,1
89605,ACM TRANSACTIONS ON INFORMATION SYSTEMS,2008,4
89606,ACM TRANSACTIONS ON INFORMATION SYSTEMS,2008,2
89607,ACM TRANSACTIONS ON INFORMATION SYSTEMS,2008,4
89608,ACM TRANSACTIONS ON INFORMATION SYSTEMS,2008,2
89609,ACM TRANSACTIONS ON INFORMATION SYSTEMS,2009,5
89610,ACM TRANSACTIONS ON INFORMATION SYSTEMS,2009,4
89611,ACM TRANSACTIONS ON INFORMATION SYSTEMS,2009,1
89612,ACM TRANSACTIONS ON INFORMATION SYSTEMS,2009,6
89613,ACM TRANSACTIONS ON INFORMATION SYSTEMS,2010,0
89614,ACM TRANSACTIONS ON INFORMATION SYSTEMS,2010,1
89615,ACM TRANSACTIONS ON INFORMATION SYSTEMS,2010,0
89616,ACM TRANSACTIONS ON INFORMATION SYSTEMS,2010,2
89617,ACM TRANSACTIONS ON INFORMATION SYSTEMS,2011,4
89618,ACM TRANSACTIONS ON INFORMATION SYSTEMS,2011,1
89619,ACM TRANSACTIONS ON INFORMATION SYSTEMS,2011,1
89620,ACM TRANSACTIONS ON INFORMATION SYSTEMS,2011,5
89621,ACM TRANSACTIONS ON INFORMATION SYSTEMS,2012,1
89622,ACM TRANSACTIONS ON INFORMATION SYSTEMS,2012,4
89623,ACM TRANSACTIONS ON INFORMATION SYSTEMS,2012,1
89624,ACM TRANSACTIONS ON INFORMATION SYSTEMS,2012,1
89625,ACM TRANSACTIONS ON INFORMATION SYSTEMS,2013,0
89626,ACM TRANSACTIONS ON INFORMATION SYSTEMS,2013,5
89627,ACM TRANSACTIONS ON INFORMATION SYSTEMS,2013,5
89628,ACM TRANSACTIONS ON INFORMATION SYSTEMS,2013,2
89629,ACM TRANSACTIONS ON INFORMATION SYSTEMS,2014,4
89630,ACM TRANSACTIONS ON INFORMATION SYSTEMS,2014,4
89631,ACM TRANSACTIONS ON INFORMATION SYSTEMS,2014,0
89632,ACM TRANSACTIONS ON INFORMATION SYSTEMS,2014,1
89633,ACM TRANSACTIONS ON INFORMATION SYSTEMS,2015,4
89634,ACM TRANSACTIONS ON INFORMATION SYSTEMS,2015,4
89635,ACM TRANSACTIONS ON INFORMATION SYSTEMS,2015,0
89636,ACM TRANSACTIONS ON INFORMATION SYSTEMS,2015,1
89637,ACM TRANSACTIONS ON INFORMATION SYSTEMS,2016,4
89638,ACM TRANSACTIONS ON INFORMATION SYSTEMS,2016,4
89639,ACM TRANSACTIONS ON INFORMATION SYSTEMS,2016,2
89640,ACM TRANSACTIONS ON INFORMATION SYSTEMS,2016,4
89641,ACM TRANSACTIONS ON INFORMATION SYSTEMS,2017,4
89642,ACM TRANSACTIONS ON INFORMATION SYSTEMS,2017,5
89643,ACM TRANSACTIONS ON INFORMATION SYSTEMS,2017,4
89644,ACM TRANSACTIONS ON INFORMATION SYSTEMS,2017,4
89645,ACM TRANSACTIONS ON INFORMATION SYSTEMS,2018,4
89646,ACM TRANSACTIONS ON INFORMATION SYSTEMS,2018,1
89647,ACM TRANSACTIONS ON INFORMATION SYSTEMS,2018,4
89648,ACM TRANSACTIONS ON INFORMATION SYSTEMS,2018,1
89650,ACM TRANSACTIONS ON INTELLIGENT SYSTEMS AND TECHNOLOGY,2010,5
89651,ACM TRANSACTIONS ON INTELLIGENT SYSTEMS AND TECHNOLOGY,2010,5
89652,ACM TRANSACTIONS ON INTELLIGENT SYSTEMS AND TECHNOLOGY,2010,5
89653,ACM TRANSACTIONS ON INTELLIGENT SYSTEMS AND TECHNOLOGY,2011,0
89654,ACM TRANSACTIONS ON INTELLIGENT SYSTEMS AND TECHNOLOGY,2011,6
89655,ACM TRANSACTIONS ON INTELLIGENT SYSTEMS AND TECHNOLOGY,2011,4
89656,ACM TRANSACTIONS ON INTELLIGENT SYSTEMS AND TECHNOLOGY,2011,5
89657,ACM TRANSACTIONS ON INTELLIGENT SYSTEMS AND TECHNOLOGY,2012,0
89658,ACM TRANSACTIONS ON INTELLIGENT SYSTEMS AND TECHNOLOGY,2012,4
89659,ACM TRANSACTIONS ON INTELLIGENT SYSTEMS AND TECHNOLOGY,2012,5
89660,ACM TRANSACTIONS ON INTELLIGENT SYSTEMS AND TECHNOLOGY,2012,4
89661,ACM TRANSACTIONS ON INTELLIGENT SYSTEMS AND TECHNOLOGY,2013,5
89662,ACM TRANSACTIONS ON INTELLIGENT SYSTEMS AND TECHNOLOGY,2013,5
89663,ACM TRANSACTIONS ON INTELLIGENT SYSTEMS AND TECHNOLOGY,2013,7
89664,ACM TRANSACTIONS ON INTELLIGENT SYSTEMS AND TECHNOLOGY,2013,5
89665,ACM TRANSACTIONS ON INTELLIGENT SYSTEMS AND TECHNOLOGY,2014,5
89666,ACM TRANSACTIONS ON INTELLIGENT SYSTEMS AND TECHNOLOGY,2014,4
89667,ACM TRANSACTIONS ON INTELLIGENT SYSTEMS AND TECHNOLOGY,2014,4
89668,ACM TRANSACTIONS ON INTELLIGENT SYSTEMS AND TECHNOLOGY,2014,4
89669,ACM TRANSACTIONS ON INTELLIGENT SYSTEMS AND TECHNOLOGY,2015,5
89670,ACM TRANSACTIONS ON INTELLIGENT SYSTEMS AND TECHNOLOGY,2015,6
89671,ACM TRANSACTIONS ON INTELLIGENT SYSTEMS AND TECHNOLOGY,2015,6
89672,ACM TRANSACTIONS ON INTELLIGENT SYSTEMS AND TECHNOLOGY,2015,7
89673,ACM TRANSACTIONS ON INTELLIGENT SYSTEMS AND TECHNOLOGY,2016,5
89674,ACM TRANSACTIONS ON INTELLIGENT SYSTEMS AND TECHNOLOGY,2016,6
89675,ACM TRANSACTIONS ON INTELLIGENT SYSTEMS AND TECHNOLOGY,2016,6
89676,ACM TRANSACTIONS ON INTELLIGENT SYSTEMS AND TECHNOLOGY,2016,4
89677,ACM TRANSACTIONS ON INTELLIGENT SYSTEMS AND TECHNOLOGY,2017,0
89678,ACM TRANSACTIONS ON INTELLIGENT SYSTEMS AND TECHNOLOGY,2017,5
89679,ACM TRANSACTIONS ON INTELLIGENT SYSTEMS AND TECHNOLOGY,2017,4
89680,ACM TRANSACTIONS ON INTELLIGENT SYSTEMS AND TECHNOLOGY,2017,4
89681,ACM TRANSACTIONS ON INTELLIGENT SYSTEMS AND TECHNOLOGY,2018,5
89682,ACM TRANSACTIONS ON INTELLIGENT SYSTEMS AND TECHNOLOGY,2018,2
89683,ACM TRANSACTIONS ON INTELLIGENT SYSTEMS AND TECHNOLOGY,2018,0
89684,ACM TRANSACTIONS ON INTELLIGENT SYSTEMS AND TECHNOLOGY,2018,5
89685,ACM TRANSACTIONS ON INTERNET TECHNOLOGY,2007,4
89686,ACM TRANSACTIONS ON INTERNET TECHNOLOGY,2007,5
89688,ACM TRANSACTIONS ON INTERNET TECHNOLOGY,2007,3
89689,ACM TRANSACTIONS ON INTERNET TECHNOLOGY,2008,5
89690,ACM TRANSACTIONS ON INTERNET TECHNOLOGY,2008,2
89691,ACM TRANSACTIONS ON INTERNET TECHNOLOGY,2008,4
89692,ACM TRANSACTIONS ON INTERNET TECHNOLOGY,2008,4
89693,ACM TRANSACTIONS ON INTERNET TECHNOLOGY,2009,4
89694,ACM TRANSACTIONS ON INTERNET TECHNOLOGY,2009,5
89695,ACM TRANSACTIONS ON INTERNET TECHNOLOGY,2009,2
89696,ACM TRANSACTIONS ON INTERNET TECHNOLOGY,2009,3
89697,ACM TRANSACTIONS ON INTERNET TECHNOLOGY,2010,4
89698,ACM TRANSACTIONS ON INTERNET TECHNOLOGY,2010,4
89699,ACM TRANSACTIONS ON INTERNET TECHNOLOGY,2010,4
89700,ACM TRANSACTIONS ON INTERNET TECHNOLOGY,2010,4
89701,ACM TRANSACTIONS ON INTERNET TECHNOLOGY,2011,4
89702,ACM TRANSACTIONS ON INTERNET TECHNOLOGY,2011,5
89703,ACM TRANSACTIONS ON INTERNET TECHNOLOGY,2011,5
89704,ACM TRANSACTIONS ON INTERNET TECHNOLOGY,2011,5
89705,ACM TRANSACTIONS ON INTERNET TECHNOLOGY,2012,4
89706,ACM TRANSACTIONS ON INTERNET TECHNOLOGY,2012,4
89707,ACM TRANSACTIONS ON INTERNET TECHNOLOGY,2012,4
89708,ACM TRANSACTIONS ON INTERNET TECHNOLOGY,2012,1
89709,ACM TRANSACTIONS ON INTERNET TECHNOLOGY,2013,4
89710,ACM TRANSACTIONS ON INTERNET TECHNOLOGY,2013,1
89711,ACM TRANSACTIONS ON INTERNET TECHNOLOGY,2013,4
89712,ACM TRANSACTIONS ON INTERNET TECHNOLOGY,2013,4
89713,ACM TRANSACTIONS ON INTERNET TECHNOLOGY,2014,5
89714,ACM TRANSACTIONS ON INTERNET TECHNOLOGY,2014,5
89715,ACM TRANSACTIONS ON INTERNET TECHNOLOGY,2014,1
89716,ACM TRANSACTIONS ON INTERNET TECHNOLOGY,2014,5
89717,ACM TRANSACTIONS ON INTERNET TECHNOLOGY,2015,4
89718,ACM TRANSACTIONS ON INTERNET TECHNOLOGY,2015,4
89719,ACM TRANSACTIONS ON INTERNET TECHNOLOGY,2015,4
89720,ACM TRANSACTIONS ON INTERNET TECHNOLOGY,2015,3
89721,ACM TRANSACTIONS ON INTERNET TECHNOLOGY,2016,5
89722,ACM TRANSACTIONS ON INTERNET TECHNOLOGY,2016,4
89723,ACM TRANSACTIONS ON INTERNET TECHNOLOGY,2016,4
89724,ACM TRANSACTIONS ON INTERNET TECHNOLOGY,2016,4
89725,ACM TRANSACTIONS ON INTERNET TECHNOLOGY,2017,4
89726,ACM TRANSACTIONS ON INTERNET TECHNOLOGY,2017,5
89727,ACM TRANSACTIONS ON INTERNET TECHNOLOGY,2017,4
89728,ACM TRANSACTIONS ON INTERNET TECHNOLOGY,2017,4
89729,ACM TRANSACTIONS ON INTERNET TECHNOLOGY,2018,5
89730,ACM TRANSACTIONS ON INTERNET TECHNOLOGY,2018,3
89731,ACM TRANSACTIONS ON INTERNET TECHNOLOGY,2018,4
89732,ACM TRANSACTIONS ON INTERNET TECHNOLOGY,2018,2
89733,ACM TRANSACTIONS ON KNOWLEDGE DISCOVERY FROM DATA,2009,0
89734,ACM TRANSACTIONS ON KNOWLEDGE DISCOVERY FROM DATA,2009,4
89735,ACM TRANSACTIONS ON KNOWLEDGE DISCOVERY FROM DATA,2009,6
89736,ACM TRANSACTIONS ON KNOWLEDGE DISCOVERY FROM DATA,2009,0
89737,ACM TRANSACTIONS ON KNOWLEDGE DISCOVERY FROM DATA,2010,4
89738,ACM TRANSACTIONS ON KNOWLEDGE DISCOVERY FROM DATA,2010,0
89739,ACM TRANSACTIONS ON KNOWLEDGE DISCOVERY FROM DATA,2010,0
89740,ACM TRANSACTIONS ON KNOWLEDGE DISCOVERY FROM DATA,2010,4
89741,ACM TRANSACTIONS ON KNOWLEDGE DISCOVERY FROM DATA,2011,0
89742,ACM TRANSACTIONS ON KNOWLEDGE DISCOVERY FROM DATA,2011,6
89743,ACM TRANSACTIONS ON KNOWLEDGE DISCOVERY FROM DATA,2011,6
89744,ACM TRANSACTIONS ON KNOWLEDGE DISCOVERY FROM DATA,2011,5
89745,ACM TRANSACTIONS ON KNOWLEDGE DISCOVERY FROM DATA,2012,4
89746,ACM TRANSACTIONS ON KNOWLEDGE DISCOVERY FROM DATA,2012,0
89747,ACM TRANSACTIONS ON KNOWLEDGE DISCOVERY FROM DATA,2012,0
89748,ACM TRANSACTIONS ON KNOWLEDGE DISCOVERY FROM DATA,2012,0
89749,ACM TRANSACTIONS ON KNOWLEDGE DISCOVERY FROM DATA,2013,2
89750,ACM TRANSACTIONS ON KNOWLEDGE DISCOVERY FROM DATA,2013,4
89751,ACM TRANSACTIONS ON KNOWLEDGE DISCOVERY FROM DATA,2013,0
89752,ACM TRANSACTIONS ON KNOWLEDGE DISCOVERY FROM DATA,2013,2
89753,ACM TRANSACTIONS ON KNOWLEDGE DISCOVERY FROM DATA,2014,4
89754,ACM TRANSACTIONS ON KNOWLEDGE DISCOVERY FROM DATA,2014,4
89755,ACM TRANSACTIONS ON KNOWLEDGE DISCOVERY FROM DATA,2014,0
89756,ACM TRANSACTIONS ON KNOWLEDGE DISCOVERY FROM DATA,2014,6
89757,ACM TRANSACTIONS ON KNOWLEDGE DISCOVERY FROM DATA,2015,4
89758,ACM TRANSACTIONS ON KNOWLEDGE DISCOVERY FROM DATA,2015,2
89759,ACM TRANSACTIONS ON KNOWLEDGE DISCOVERY FROM DATA,2015,4
89760,ACM TRANSACTIONS ON KNOWLEDGE DISCOVERY FROM DATA,2015,4
89761,ACM TRANSACTIONS ON KNOWLEDGE DISCOVERY FROM DATA,2016,0
89762,ACM TRANSACTIONS ON KNOWLEDGE DISCOVERY FROM DATA,2016,6
89763,ACM TRANSACTIONS ON KNOWLEDGE DISCOVERY FROM DATA,2016,0
89764,ACM TRANSACTIONS ON KNOWLEDGE DISCOVERY FROM DATA,2016,0
89765,ACM TRANSACTIONS ON KNOWLEDGE DISCOVERY FROM DATA,2017,4
89766,ACM TRANSACTIONS ON KNOWLEDGE DISCOVERY FROM DATA,2017,1
89767,ACM TRANSACTIONS ON KNOWLEDGE DISCOVERY FROM DATA,2017,0
89768,ACM TRANSACTIONS ON KNOWLEDGE DISCOVERY FROM DATA,2017,0
89769,ACM TRANSACTIONS ON KNOWLEDGE DISCOVERY FROM DATA,2018,4
89770,ACM TRANSACTIONS ON KNOWLEDGE DISCOVERY FROM DATA,2018,6
89771,ACM TRANSACTIONS ON KNOWLEDGE DISCOVERY FROM DATA,2018,4
89772,ACM TRANSACTIONS ON KNOWLEDGE DISCOVERY FROM DATA,2018,0
89773,ACM TRANSACTIONS ON MATHEMATICAL SOFTWARE,2000,0
89774,ACM TRANSACTIONS ON MATHEMATICAL SOFTWARE,2000,3
89775,ACM TRANSACTIONS ON MATHEMATICAL SOFTWARE,2000,0
89776,ACM TRANSACTIONS ON MATHEMATICAL SOFTWARE,2000,0
89777,ACM TRANSACTIONS ON MATHEMATICAL SOFTWARE,2001,2
89778,ACM TRANSACTIONS ON MATHEMATICAL SOFTWARE,2001,0
89779,ACM TRANSACTIONS ON MATHEMATICAL SOFTWARE,2001,2
89780,ACM TRANSACTIONS ON MATHEMATICAL SOFTWARE,2001,0
89781,ACM TRANSACTIONS ON MATHEMATICAL SOFTWARE,2002,0
89783,ACM TRANSACTIONS ON MATHEMATICAL SOFTWARE,2002,0
89784,ACM TRANSACTIONS ON MATHEMATICAL SOFTWARE,2002,0
89785,ACM TRANSACTIONS ON MATHEMATICAL SOFTWARE,2003,0
89786,ACM TRANSACTIONS ON MATHEMATICAL SOFTWARE,2003,5
89787,ACM TRANSACTIONS ON MATHEMATICAL SOFTWARE,2003,0
89788,ACM TRANSACTIONS ON MATHEMATICAL SOFTWARE,2003,0
89789,ACM TRANSACTIONS ON MATHEMATICAL SOFTWARE,2004,0
89790,ACM TRANSACTIONS ON MATHEMATICAL SOFTWARE,2004,0
89791,ACM TRANSACTIONS ON MATHEMATICAL SOFTWARE,2004,0
89792,ACM TRANSACTIONS ON MATHEMATICAL SOFTWARE,2004,0
89793,ACM TRANSACTIONS ON MATHEMATICAL SOFTWARE,2005,0
89794,ACM TRANSACTIONS ON MATHEMATICAL SOFTWARE,2005,5
89795,ACM TRANSACTIONS ON MATHEMATICAL SOFTWARE,2005,0
89796,ACM TRANSACTIONS ON MATHEMATICAL SOFTWARE,2005,0
89797,ACM TRANSACTIONS ON MATHEMATICAL SOFTWARE,2006,2
89798,ACM TRANSACTIONS ON MATHEMATICAL SOFTWARE,2006,0
89799,ACM TRANSACTIONS ON MATHEMATICAL SOFTWARE,2006,0
89800,ACM TRANSACTIONS ON MATHEMATICAL SOFTWARE,2006,0
89801,ACM TRANSACTIONS ON MATHEMATICAL SOFTWARE,2007,0
89802,ACM TRANSACTIONS ON MATHEMATICAL SOFTWARE,2007,0
89803,ACM TRANSACTIONS ON MATHEMATICAL SOFTWARE,2007,0
89804,ACM TRANSACTIONS ON MATHEMATICAL SOFTWARE,2007,0
89805,ACM TRANSACTIONS ON MATHEMATICAL SOFTWARE,2008,0
89806,ACM TRANSACTIONS ON MATHEMATICAL SOFTWARE,2008,3
89807,ACM TRANSACTIONS ON MATHEMATICAL SOFTWARE,2008,3
89808,ACM TRANSACTIONS ON MATHEMATICAL SOFTWARE,2008,0
89809,ACM TRANSACTIONS ON MATHEMATICAL SOFTWARE,2009,0
89810,ACM TRANSACTIONS ON MATHEMATICAL SOFTWARE,2009,0
89811,ACM TRANSACTIONS ON MATHEMATICAL SOFTWARE,2009,0
89812,ACM TRANSACTIONS ON MATHEMATICAL SOFTWARE,2009,0
89813,ACM TRANSACTIONS ON MATHEMATICAL SOFTWARE,2010,0
89814,ACM TRANSACTIONS ON MATHEMATICAL SOFTWARE,2010,0
89815,ACM TRANSACTIONS ON MATHEMATICAL SOFTWARE,2010,0
89816,ACM TRANSACTIONS ON MATHEMATICAL SOFTWARE,2010,0
89817,ACM TRANSACTIONS ON MATHEMATICAL SOFTWARE,2011,0
89818,ACM TRANSACTIONS ON MATHEMATICAL SOFTWARE,2011,0
89819,ACM TRANSACTIONS ON MATHEMATICAL SOFTWARE,2011,2
89820,ACM TRANSACTIONS ON MATHEMATICAL SOFTWARE,2011,0
89821,ACM TRANSACTIONS ON MATHEMATICAL SOFTWARE,2012,0
89822,ACM TRANSACTIONS ON MATHEMATICAL SOFTWARE,2012,0
89823,ACM TRANSACTIONS ON MATHEMATICAL SOFTWARE,2012,0
89824,ACM TRANSACTIONS ON MATHEMATICAL SOFTWARE,2012,0
89825,ACM TRANSACTIONS ON MATHEMATICAL SOFTWARE,2013,0
89826,ACM TRANSACTIONS ON MATHEMATICAL SOFTWARE,2013,0
89827,ACM TRANSACTIONS ON MATHEMATICAL SOFTWARE,2013,3
89828,ACM TRANSACTIONS ON MATHEMATICAL SOFTWARE,2013,0
89829,ACM TRANSACTIONS ON MATHEMATICAL SOFTWARE,2014,0
89830,ACM TRANSACTIONS ON MATHEMATICAL SOFTWARE,2014,0
89831,ACM TRANSACTIONS ON MATHEMATICAL SOFTWARE,2014,0
89832,ACM TRANSACTIONS ON MATHEMATICAL SOFTWARE,2014,0
89833,ACM TRANSACTIONS ON MATHEMATICAL SOFTWARE,2015,0
89834,ACM TRANSACTIONS ON MATHEMATICAL SOFTWARE,2015,0
89835,ACM TRANSACTIONS ON MATHEMATICAL SOFTWARE,2015,3
89836,ACM TRANSACTIONS ON MATHEMATICAL SOFTWARE,2015,2
89837,ACM TRANSACTIONS ON MATHEMATICAL SOFTWARE,2016,0
89838,ACM TRANSACTIONS ON MATHEMATICAL SOFTWARE,2016,0
89839,ACM TRANSACTIONS ON MATHEMATICAL SOFTWARE,2016,3
89840,ACM TRANSACTIONS ON MATHEMATICAL SOFTWARE,2016,0
89841,ACM TRANSACTIONS ON MATHEMATICAL SOFTWARE,2017,0
89842,ACM TRANSACTIONS ON MATHEMATICAL SOFTWARE,2017,0
89843,ACM TRANSACTIONS ON MATHEMATICAL SOFTWARE,2017,2
89844,ACM TRANSACTIONS ON MATHEMATICAL SOFTWARE,2017,0
89845,ACM TRANSACTIONS ON MATHEMATICAL SOFTWARE,2018,0
89846,ACM TRANSACTIONS ON MATHEMATICAL SOFTWARE,2018,3
89847,ACM TRANSACTIONS ON MATHEMATICAL SOFTWARE,2018,0
89848,ACM TRANSACTIONS ON MATHEMATICAL SOFTWARE,2018,0
89849,ACM TRANSACTIONS ON MODELING AND COMPUTER SIMULATION,2006,5
89850,ACM TRANSACTIONS ON MODELING AND COMPUTER SIMULATION,2006,2
89851,ACM TRANSACTIONS ON MODELING AND COMPUTER SIMULATION,2006,2
89852,ACM TRANSACTIONS ON MODELING AND COMPUTER SIMULATION,2006,3
89853,ACM TRANSACTIONS ON MODELING AND COMPUTER SIMULATION,2007,3
89854,ACM TRANSACTIONS ON MODELING AND COMPUTER SIMULATION,2007,2
89855,ACM TRANSACTIONS ON MODELING AND COMPUTER SIMULATION,2007,2
89856,ACM TRANSACTIONS ON MODELING AND COMPUTER SIMULATION,2007,0
89857,ACM TRANSACTIONS ON MODELING AND COMPUTER SIMULATION,2008,3
89858,ACM TRANSACTIONS ON MODELING AND COMPUTER SIMULATION,2008,3
89859,ACM TRANSACTIONS ON MODELING AND COMPUTER SIMULATION,2008,5
89860,ACM TRANSACTIONS ON MODELING AND COMPUTER SIMULATION,2008,3
89861,ACM TRANSACTIONS ON MODELING AND COMPUTER SIMULATION,2009,2
89862,ACM TRANSACTIONS ON MODELING AND COMPUTER SIMULATION,2009,3
89863,ACM TRANSACTIONS ON MODELING AND COMPUTER SIMULATION,2009,5
89864,ACM TRANSACTIONS ON MODELING AND COMPUTER SIMULATION,2009,3
89865,ACM TRANSACTIONS ON MODELING AND COMPUTER SIMULATION,2010,5
89866,ACM TRANSACTIONS ON MODELING AND COMPUTER SIMULATION,2010,0
89867,ACM TRANSACTIONS ON MODELING AND COMPUTER SIMULATION,2010,2
89868,ACM TRANSACTIONS ON MODELING AND COMPUTER SIMULATION,2010,2
89869,ACM TRANSACTIONS ON MODELING AND COMPUTER SIMULATION,2011,3
89870,ACM TRANSACTIONS ON MODELING AND COMPUTER SIMULATION,2011,2
89871,ACM TRANSACTIONS ON MODELING AND COMPUTER SIMULATION,2011,0
89872,ACM TRANSACTIONS ON MODELING AND COMPUTER SIMULATION,2011,2
89873,ACM TRANSACTIONS ON MODELING AND COMPUTER SIMULATION,2012,3
89874,ACM TRANSACTIONS ON MODELING AND COMPUTER SIMULATION,2012,0
89875,ACM TRANSACTIONS ON MODELING AND COMPUTER SIMULATION,2012,2
89876,ACM TRANSACTIONS ON MODELING AND COMPUTER SIMULATION,2012,3
89877,ACM TRANSACTIONS ON MODELING AND COMPUTER SIMULATION,2013,5
89878,ACM TRANSACTIONS ON MODELING AND COMPUTER SIMULATION,2013,0
89879,ACM TRANSACTIONS ON MODELING AND COMPUTER SIMULATION,2013,0
89880,ACM TRANSACTIONS ON MODELING AND COMPUTER SIMULATION,2013,0
89881,ACM TRANSACTIONS ON MODELING AND COMPUTER SIMULATION,2014,5
89882,ACM TRANSACTIONS ON MODELING AND COMPUTER SIMULATION,2014,3
89883,ACM TRANSACTIONS ON MODELING AND COMPUTER SIMULATION,2014,0
89884,ACM TRANSACTIONS ON MODELING AND COMPUTER SIMULATION,2014,2
89885,ACM TRANSACTIONS ON MODELING AND COMPUTER SIMULATION,2015,0
89886,ACM TRANSACTIONS ON MODELING AND COMPUTER SIMULATION,2015,0
89887,ACM TRANSACTIONS ON MODELING AND COMPUTER SIMULATION,2015,2
89888,ACM TRANSACTIONS ON MODELING AND COMPUTER SIMULATION,2015,0
89889,ACM TRANSACTIONS ON MODELING AND COMPUTER SIMULATION,2016,3
89890,ACM TRANSACTIONS ON MODELING AND COMPUTER SIMULATION,2016,5
89891,ACM TRANSACTIONS ON MODELING AND COMPUTER SIMULATION,2016,5
89892,ACM TRANSACTIONS ON MODELING AND COMPUTER SIMULATION,2016,3
89893,ACM TRANSACTIONS ON MODELING AND COMPUTER SIMULATION,2017,0
89894,ACM TRANSACTIONS ON MODELING AND COMPUTER SIMULATION,2017,2
89895,ACM TRANSACTIONS ON MODELING AND COMPUTER SIMULATION,2017,3
89896,ACM TRANSACTIONS ON MODELING AND COMPUTER SIMULATION,2017,0
89897,ACM TRANSACTIONS ON MODELING AND COMPUTER SIMULATION,2018,5
89898,ACM TRANSACTIONS ON MODELING AND COMPUTER SIMULATION,2018,5
89899,ACM TRANSACTIONS ON MODELING AND COMPUTER SIMULATION,2018,5
89900,ACM TRANSACTIONS ON MODELING AND COMPUTER SIMULATION,2018,2
89901,ACM TRANSACTIONS ON MULTIMEDIA COMPUTING COMMUNICATIONS AND APPLICATIONS,2005,5
89902,ACM TRANSACTIONS ON MULTIMEDIA COMPUTING COMMUNICATIONS AND APPLICATIONS,2005,5
89903,ACM TRANSACTIONS ON MULTIMEDIA COMPUTING COMMUNICATIONS AND APPLICATIONS,2005,7
89904,ACM TRANSACTIONS ON MULTIMEDIA COMPUTING COMMUNICATIONS AND APPLICATIONS,2005,2
89905,ACM TRANSACTIONS ON MULTIMEDIA COMPUTING COMMUNICATIONS AND APPLICATIONS,2006,1
89906,ACM TRANSACTIONS ON MULTIMEDIA COMPUTING COMMUNICATIONS AND APPLICATIONS,2006,5
89907,ACM TRANSACTIONS ON MULTIMEDIA COMPUTING COMMUNICATIONS AND APPLICATIONS,2006,1
89908,ACM TRANSACTIONS ON MULTIMEDIA COMPUTING COMMUNICATIONS AND APPLICATIONS,2006,6
89909,ACM TRANSACTIONS ON MULTIMEDIA COMPUTING COMMUNICATIONS AND APPLICATIONS,2007,1
89910,ACM TRANSACTIONS ON MULTIMEDIA COMPUTING COMMUNICATIONS AND APPLICATIONS,2007,6
89911,ACM TRANSACTIONS ON MULTIMEDIA COMPUTING COMMUNICATIONS AND APPLICATIONS,2007,6
89912,ACM TRANSACTIONS ON MULTIMEDIA COMPUTING COMMUNICATIONS AND APPLICATIONS,2007,6
89913,ACM TRANSACTIONS ON MULTIMEDIA COMPUTING COMMUNICATIONS AND APPLICATIONS,2008,1
89914,ACM TRANSACTIONS ON MULTIMEDIA COMPUTING COMMUNICATIONS AND APPLICATIONS,2008,1
89915,ACM TRANSACTIONS ON MULTIMEDIA COMPUTING COMMUNICATIONS AND APPLICATIONS,2008,1
89916,ACM TRANSACTIONS ON MULTIMEDIA COMPUTING COMMUNICATIONS AND APPLICATIONS,2008,1
89917,ACM TRANSACTIONS ON MULTIMEDIA COMPUTING COMMUNICATIONS AND APPLICATIONS,2009,1
89918,ACM TRANSACTIONS ON MULTIMEDIA COMPUTING COMMUNICATIONS AND APPLICATIONS,2009,1
89919,ACM TRANSACTIONS ON MULTIMEDIA COMPUTING COMMUNICATIONS AND APPLICATIONS,2009,1
89920,ACM TRANSACTIONS ON MULTIMEDIA COMPUTING COMMUNICATIONS AND APPLICATIONS,2009,6
89921,ACM TRANSACTIONS ON MULTIMEDIA COMPUTING COMMUNICATIONS AND APPLICATIONS,2010,1
89922,ACM TRANSACTIONS ON MULTIMEDIA COMPUTING COMMUNICATIONS AND APPLICATIONS,2010,6
89923,ACM TRANSACTIONS ON MULTIMEDIA COMPUTING COMMUNICATIONS AND APPLICATIONS,2010,3
89924,ACM TRANSACTIONS ON MULTIMEDIA COMPUTING COMMUNICATIONS AND APPLICATIONS,2010,5
89925,ACM TRANSACTIONS ON MULTIMEDIA COMPUTING COMMUNICATIONS AND APPLICATIONS,2011,4
89926,ACM TRANSACTIONS ON MULTIMEDIA COMPUTING COMMUNICATIONS AND APPLICATIONS,2011,6
89927,ACM TRANSACTIONS ON MULTIMEDIA COMPUTING COMMUNICATIONS AND APPLICATIONS,2011,1
89928,ACM TRANSACTIONS ON MULTIMEDIA COMPUTING COMMUNICATIONS AND APPLICATIONS,2011,1
89929,ACM TRANSACTIONS ON MULTIMEDIA COMPUTING COMMUNICATIONS AND APPLICATIONS,2012,1
89930,ACM TRANSACTIONS ON MULTIMEDIA COMPUTING COMMUNICATIONS AND APPLICATIONS,2012,1
89931,ACM TRANSACTIONS ON MULTIMEDIA COMPUTING COMMUNICATIONS AND APPLICATIONS,2012,1
89932,ACM TRANSACTIONS ON MULTIMEDIA COMPUTING COMMUNICATIONS AND APPLICATIONS,2012,1
89933,ACM TRANSACTIONS ON MULTIMEDIA COMPUTING COMMUNICATIONS AND APPLICATIONS,2013,5
89934,ACM TRANSACTIONS ON MULTIMEDIA COMPUTING COMMUNICATIONS AND APPLICATIONS,2013,6
89935,ACM TRANSACTIONS ON MULTIMEDIA COMPUTING COMMUNICATIONS AND APPLICATIONS,2013,1
89936,ACM TRANSACTIONS ON MULTIMEDIA COMPUTING COMMUNICATIONS AND APPLICATIONS,2013,1
89937,ACM TRANSACTIONS ON MULTIMEDIA COMPUTING COMMUNICATIONS AND APPLICATIONS,2014,1
89938,ACM TRANSACTIONS ON MULTIMEDIA COMPUTING COMMUNICATIONS AND APPLICATIONS,2014,5
89940,ACM TRANSACTIONS ON MULTIMEDIA COMPUTING COMMUNICATIONS AND APPLICATIONS,2014,1
89941,ACM TRANSACTIONS ON MULTIMEDIA COMPUTING COMMUNICATIONS AND APPLICATIONS,2015,5
89942,ACM TRANSACTIONS ON MULTIMEDIA COMPUTING COMMUNICATIONS AND APPLICATIONS,2015,6
89943,ACM TRANSACTIONS ON MULTIMEDIA COMPUTING COMMUNICATIONS AND APPLICATIONS,2015,6
89944,ACM TRANSACTIONS ON MULTIMEDIA COMPUTING COMMUNICATIONS AND APPLICATIONS,2015,1
89945,ACM TRANSACTIONS ON MULTIMEDIA COMPUTING COMMUNICATIONS AND APPLICATIONS,2016,4
89946,ACM TRANSACTIONS ON MULTIMEDIA COMPUTING COMMUNICATIONS AND APPLICATIONS,2016,1
89947,ACM TRANSACTIONS ON MULTIMEDIA COMPUTING COMMUNICATIONS AND APPLICATIONS,2016,1
89948,ACM TRANSACTIONS ON MULTIMEDIA COMPUTING COMMUNICATIONS AND APPLICATIONS,2016,1
89949,ACM TRANSACTIONS ON MULTIMEDIA COMPUTING COMMUNICATIONS AND APPLICATIONS,2017,4
89950,ACM TRANSACTIONS ON MULTIMEDIA COMPUTING COMMUNICATIONS AND APPLICATIONS,2017,3
89951,ACM TRANSACTIONS ON MULTIMEDIA COMPUTING COMMUNICATIONS AND APPLICATIONS,2017,0
89952,ACM TRANSACTIONS ON MULTIMEDIA COMPUTING COMMUNICATIONS AND APPLICATIONS,2017,0
89953,ACM TRANSACTIONS ON MULTIMEDIA COMPUTING COMMUNICATIONS AND APPLICATIONS,2018,6
89954,ACM TRANSACTIONS ON MULTIMEDIA COMPUTING COMMUNICATIONS AND APPLICATIONS,2018,1
89955,ACM TRANSACTIONS ON MULTIMEDIA COMPUTING COMMUNICATIONS AND APPLICATIONS,2018,0
89956,ACM TRANSACTIONS ON MULTIMEDIA COMPUTING COMMUNICATIONS AND APPLICATIONS,2018,0
89957,ACM TRANSACTIONS ON PRIVACY AND SECURITY,2016,6
89958,ACM TRANSACTIONS ON PRIVACY AND SECURITY,2016,2
89959,ACM TRANSACTIONS ON PRIVACY AND SECURITY,2016,6
89960,ACM TRANSACTIONS ON PRIVACY AND SECURITY,2016,0
89961,ACM TRANSACTIONS ON PRIVACY AND SECURITY,2017,4
89962,ACM TRANSACTIONS ON PRIVACY AND SECURITY,2017,0
89963,ACM TRANSACTIONS ON PRIVACY AND SECURITY,2017,2
89964,ACM TRANSACTIONS ON PRIVACY AND SECURITY,2017,4
89965,ACM TRANSACTIONS ON PRIVACY AND SECURITY,2018,5
89966,ACM TRANSACTIONS ON PRIVACY AND SECURITY,2018,4
89967,ACM TRANSACTIONS ON PRIVACY AND SECURITY,2018,5
89968,ACM TRANSACTIONS ON PRIVACY AND SECURITY,2018,5
89969,ACM TRANSACTIONS ON PROGRAMMING LANGUAGES AND SYSTEMS,2000,2
89970,ACM TRANSACTIONS ON PROGRAMMING LANGUAGES AND SYSTEMS,2000,3
89971,ACM TRANSACTIONS ON PROGRAMMING LANGUAGES AND SYSTEMS,2000,2
89972,ACM TRANSACTIONS ON PROGRAMMING LANGUAGES AND SYSTEMS,2000,2
89973,ACM TRANSACTIONS ON PROGRAMMING LANGUAGES AND SYSTEMS,2001,2
89974,ACM TRANSACTIONS ON PROGRAMMING LANGUAGES AND SYSTEMS,2001,2
89975,ACM TRANSACTIONS ON PROGRAMMING LANGUAGES AND SYSTEMS,2001,6
89976,ACM TRANSACTIONS ON PROGRAMMING LANGUAGES AND SYSTEMS,2001,2
89977,ACM TRANSACTIONS ON PROGRAMMING LANGUAGES AND SYSTEMS,2002,2
89978,ACM TRANSACTIONS ON PROGRAMMING LANGUAGES AND SYSTEMS,2002,2
89979,ACM TRANSACTIONS ON PROGRAMMING LANGUAGES AND SYSTEMS,2002,2
89980,ACM TRANSACTIONS ON PROGRAMMING LANGUAGES AND SYSTEMS,2002,2
89981,ACM TRANSACTIONS ON PROGRAMMING LANGUAGES AND SYSTEMS,2003,2
89982,ACM TRANSACTIONS ON PROGRAMMING LANGUAGES AND SYSTEMS,2003,2
89983,ACM TRANSACTIONS ON PROGRAMMING LANGUAGES AND SYSTEMS,2003,2
89984,ACM TRANSACTIONS ON PROGRAMMING LANGUAGES AND SYSTEMS,2003,5
89985,ACM TRANSACTIONS ON PROGRAMMING LANGUAGES AND SYSTEMS,2004,2
89986,ACM TRANSACTIONS ON PROGRAMMING LANGUAGES AND SYSTEMS,2004,2
89987,ACM TRANSACTIONS ON PROGRAMMING LANGUAGES AND SYSTEMS,2004,5
89988,ACM TRANSACTIONS ON PROGRAMMING LANGUAGES AND SYSTEMS,2004,5
89989,ACM TRANSACTIONS ON PROGRAMMING LANGUAGES AND SYSTEMS,2005,2
89990,ACM TRANSACTIONS ON PROGRAMMING LANGUAGES AND SYSTEMS,2005,2
89991,ACM TRANSACTIONS ON PROGRAMMING LANGUAGES AND SYSTEMS,2005,2
89992,ACM TRANSACTIONS ON PROGRAMMING LANGUAGES AND SYSTEMS,2005,5
89993,ACM TRANSACTIONS ON PROGRAMMING LANGUAGES AND SYSTEMS,2006,2
89995,ACM TRANSACTIONS ON PROGRAMMING LANGUAGES AND SYSTEMS,2006,5
89996,ACM TRANSACTIONS ON PROGRAMMING LANGUAGES AND SYSTEMS,2006,2
89997,ACM TRANSACTIONS ON PROGRAMMING LANGUAGES AND SYSTEMS,2007,2
89998,ACM TRANSACTIONS ON PROGRAMMING LANGUAGES AND SYSTEMS,2007,2
89999,ACM TRANSACTIONS ON PROGRAMMING LANGUAGES AND SYSTEMS,2007,2
90000,ACM TRANSACTIONS ON PROGRAMMING LANGUAGES AND SYSTEMS,2007,5
90001,ACM TRANSACTIONS ON PROGRAMMING LANGUAGES AND SYSTEMS,2008,2
90002,ACM TRANSACTIONS ON PROGRAMMING LANGUAGES AND SYSTEMS,2008,5
90003,ACM TRANSACTIONS ON PROGRAMMING LANGUAGES AND SYSTEMS,2008,5
90004,ACM TRANSACTIONS ON PROGRAMMING LANGUAGES AND SYSTEMS,2008,2
90005,ACM TRANSACTIONS ON PROGRAMMING LANGUAGES AND SYSTEMS,2009,4
90006,ACM TRANSACTIONS ON PROGRAMMING LANGUAGES AND SYSTEMS,2009,2
90007,ACM TRANSACTIONS ON PROGRAMMING LANGUAGES AND SYSTEMS,2009,2
90008,ACM TRANSACTIONS ON PROGRAMMING LANGUAGES AND SYSTEMS,2009,2
90009,ACM TRANSACTIONS ON PROGRAMMING LANGUAGES AND SYSTEMS,2010,5
90010,ACM TRANSACTIONS ON PROGRAMMING LANGUAGES AND SYSTEMS,2010,2
90011,ACM TRANSACTIONS ON PROGRAMMING LANGUAGES AND SYSTEMS,2010,2
90012,ACM TRANSACTIONS ON PROGRAMMING LANGUAGES AND SYSTEMS,2010,3
90013,ACM TRANSACTIONS ON PROGRAMMING LANGUAGES AND SYSTEMS,2011,2
90014,ACM TRANSACTIONS ON PROGRAMMING LANGUAGES AND SYSTEMS,2011,2
90015,ACM TRANSACTIONS ON PROGRAMMING LANGUAGES AND SYSTEMS,2011,2
90016,ACM TRANSACTIONS ON PROGRAMMING LANGUAGES AND SYSTEMS,2011,2
90017,ACM TRANSACTIONS ON PROGRAMMING LANGUAGES AND SYSTEMS,2012,2
90018,ACM TRANSACTIONS ON PROGRAMMING LANGUAGES AND SYSTEMS,2012,2
90019,ACM TRANSACTIONS ON PROGRAMMING LANGUAGES AND SYSTEMS,2012,2
90020,ACM TRANSACTIONS ON PROGRAMMING LANGUAGES AND SYSTEMS,2012,2
90021,ACM TRANSACTIONS ON PROGRAMMING LANGUAGES AND SYSTEMS,2013,0
90022,ACM TRANSACTIONS ON PROGRAMMING LANGUAGES AND SYSTEMS,2013,2
90023,ACM TRANSACTIONS ON PROGRAMMING LANGUAGES AND SYSTEMS,2013,5
90024,ACM TRANSACTIONS ON PROGRAMMING LANGUAGES AND SYSTEMS,2013,2
90025,ACM TRANSACTIONS ON PROGRAMMING LANGUAGES AND SYSTEMS,2014,3
90026,ACM TRANSACTIONS ON PROGRAMMING LANGUAGES AND SYSTEMS,2014,2
90027,ACM TRANSACTIONS ON PROGRAMMING LANGUAGES AND SYSTEMS,2014,2
90028,ACM TRANSACTIONS ON PROGRAMMING LANGUAGES AND SYSTEMS,2014,2
90029,ACM TRANSACTIONS ON PROGRAMMING LANGUAGES AND SYSTEMS,2015,2
90030,ACM TRANSACTIONS ON PROGRAMMING LANGUAGES AND SYSTEMS,2015,2
90031,ACM TRANSACTIONS ON PROGRAMMING LANGUAGES AND SYSTEMS,2015,2
90032,ACM TRANSACTIONS ON PROGRAMMING LANGUAGES AND SYSTEMS,2015,2
90033,ACM TRANSACTIONS ON PROGRAMMING LANGUAGES AND SYSTEMS,2016,2
90034,ACM TRANSACTIONS ON PROGRAMMING LANGUAGES AND SYSTEMS,2016,2
90035,ACM TRANSACTIONS ON PROGRAMMING LANGUAGES AND SYSTEMS,2016,3
90036,ACM TRANSACTIONS ON PROGRAMMING LANGUAGES AND SYSTEMS,2016,5
90037,ACM TRANSACTIONS ON PROGRAMMING LANGUAGES AND SYSTEMS,2017,2
90038,ACM TRANSACTIONS ON PROGRAMMING LANGUAGES AND SYSTEMS,2017,5
90039,ACM TRANSACTIONS ON PROGRAMMING LANGUAGES AND SYSTEMS,2017,3
90040,ACM TRANSACTIONS ON PROGRAMMING LANGUAGES AND SYSTEMS,2017,5
90041,ACM TRANSACTIONS ON PROGRAMMING LANGUAGES AND SYSTEMS,2018,5
90042,ACM TRANSACTIONS ON PROGRAMMING LANGUAGES AND SYSTEMS,2018,2
90043,ACM TRANSACTIONS ON PROGRAMMING LANGUAGES AND SYSTEMS,2018,2
90044,ACM TRANSACTIONS ON PROGRAMMING LANGUAGES AND SYSTEMS,2018,2
90045,ACM TRANSACTIONS ON RECONFIGURABLE TECHNOLOGY AND SYSTEMS,2009,5
90046,ACM TRANSACTIONS ON RECONFIGURABLE TECHNOLOGY AND SYSTEMS,2009,3
90047,ACM TRANSACTIONS ON RECONFIGURABLE TECHNOLOGY AND SYSTEMS,2009,3
90048,ACM TRANSACTIONS ON RECONFIGURABLE TECHNOLOGY AND SYSTEMS,2009,3
90049,ACM TRANSACTIONS ON RECONFIGURABLE TECHNOLOGY AND SYSTEMS,2010,3
90050,ACM TRANSACTIONS ON RECONFIGURABLE TECHNOLOGY AND SYSTEMS,2010,3
90051,ACM TRANSACTIONS ON RECONFIGURABLE TECHNOLOGY AND SYSTEMS,2010,3
90052,ACM TRANSACTIONS ON RECONFIGURABLE TECHNOLOGY AND SYSTEMS,2010,3
90053,ACM TRANSACTIONS ON RECONFIGURABLE TECHNOLOGY AND SYSTEMS,2011,3
90054,ACM TRANSACTIONS ON RECONFIGURABLE TECHNOLOGY AND SYSTEMS,2011,3
90055,ACM TRANSACTIONS ON RECONFIGURABLE TECHNOLOGY AND SYSTEMS,2011,3
90056,ACM TRANSACTIONS ON RECONFIGURABLE TECHNOLOGY AND SYSTEMS,2011,3
90057,ACM TRANSACTIONS ON RECONFIGURABLE TECHNOLOGY AND SYSTEMS,2012,3
90058,ACM TRANSACTIONS ON RECONFIGURABLE TECHNOLOGY AND SYSTEMS,2012,5
90059,ACM TRANSACTIONS ON RECONFIGURABLE TECHNOLOGY AND SYSTEMS,2012,3
90060,ACM TRANSACTIONS ON RECONFIGURABLE TECHNOLOGY AND SYSTEMS,2012,3
90061,ACM TRANSACTIONS ON RECONFIGURABLE TECHNOLOGY AND SYSTEMS,2013,3
90062,ACM TRANSACTIONS ON RECONFIGURABLE TECHNOLOGY AND SYSTEMS,2013,3
90063,ACM TRANSACTIONS ON RECONFIGURABLE TECHNOLOGY AND SYSTEMS,2013,3
90064,ACM TRANSACTIONS ON RECONFIGURABLE TECHNOLOGY AND SYSTEMS,2013,3
90065,ACM TRANSACTIONS ON RECONFIGURABLE TECHNOLOGY AND SYSTEMS,2014,3
90066,ACM TRANSACTIONS ON RECONFIGURABLE TECHNOLOGY AND SYSTEMS,2014,3
90067,ACM TRANSACTIONS ON RECONFIGURABLE TECHNOLOGY AND SYSTEMS,2014,6
90068,ACM TRANSACTIONS ON RECONFIGURABLE TECHNOLOGY AND SYSTEMS,2014,3
90069,ACM TRANSACTIONS ON RECONFIGURABLE TECHNOLOGY AND SYSTEMS,2015,3
90070,ACM TRANSACTIONS ON RECONFIGURABLE TECHNOLOGY AND SYSTEMS,2015,3
90071,ACM TRANSACTIONS ON RECONFIGURABLE TECHNOLOGY AND SYSTEMS,2015,3
90072,ACM TRANSACTIONS ON RECONFIGURABLE TECHNOLOGY AND SYSTEMS,2015,3
90073,ACM TRANSACTIONS ON RECONFIGURABLE TECHNOLOGY AND SYSTEMS,2016,1
90074,ACM TRANSACTIONS ON RECONFIGURABLE TECHNOLOGY AND SYSTEMS,2016,3
90075,ACM TRANSACTIONS ON RECONFIGURABLE TECHNOLOGY AND SYSTEMS,2016,3
90076,ACM TRANSACTIONS ON RECONFIGURABLE TECHNOLOGY AND SYSTEMS,2016,3
90077,ACM TRANSACTIONS ON RECONFIGURABLE TECHNOLOGY AND SYSTEMS,2017,3
90078,ACM TRANSACTIONS ON RECONFIGURABLE TECHNOLOGY AND SYSTEMS,2017,3
90079,ACM TRANSACTIONS ON RECONFIGURABLE TECHNOLOGY AND SYSTEMS,2017,3
90080,ACM TRANSACTIONS ON RECONFIGURABLE TECHNOLOGY AND SYSTEMS,2017,3
90081,ACM TRANSACTIONS ON RECONFIGURABLE TECHNOLOGY AND SYSTEMS,2018,3
90082,ACM TRANSACTIONS ON RECONFIGURABLE TECHNOLOGY AND SYSTEMS,2018,3
90083,ACM TRANSACTIONS ON RECONFIGURABLE TECHNOLOGY AND SYSTEMS,2018,3
90084,ACM TRANSACTIONS ON RECONFIGURABLE TECHNOLOGY AND SYSTEMS,2018,3
90085,ACM TRANSACTIONS ON SENSOR NETWORKS,2005,7
90086,ACM TRANSACTIONS ON SENSOR NETWORKS,2005,7
90087,ACM TRANSACTIONS ON SENSOR NETWORKS,2005,7
90088,ACM TRANSACTIONS ON SENSOR NETWORKS,2005,7
90089,ACM TRANSACTIONS ON SENSOR NETWORKS,2006,0
90090,ACM TRANSACTIONS ON SENSOR NETWORKS,2006,7
90091,ACM TRANSACTIONS ON SENSOR NETWORKS,2006,7
90092,ACM TRANSACTIONS ON SENSOR NETWORKS,2006,6
90093,ACM TRANSACTIONS ON SENSOR NETWORKS,2007,7
90094,ACM TRANSACTIONS ON SENSOR NETWORKS,2007,7
90095,ACM TRANSACTIONS ON SENSOR NETWORKS,2007,7
90096,ACM TRANSACTIONS ON SENSOR NETWORKS,2007,7
90097,ACM TRANSACTIONS ON SENSOR NETWORKS,2008,7
90098,ACM TRANSACTIONS ON SENSOR NETWORKS,2008,7
90099,ACM TRANSACTIONS ON SENSOR NETWORKS,2008,7
90100,ACM TRANSACTIONS ON SENSOR NETWORKS,2008,7
90101,ACM TRANSACTIONS ON SENSOR NETWORKS,2009,7
90102,ACM TRANSACTIONS ON SENSOR NETWORKS,2009,7
90103,ACM TRANSACTIONS ON SENSOR NETWORKS,2009,5
90104,ACM TRANSACTIONS ON SENSOR NETWORKS,2009,7
90105,ACM TRANSACTIONS ON SENSOR NETWORKS,2010,5
90106,ACM TRANSACTIONS ON SENSOR NETWORKS,2010,7
90107,ACM TRANSACTIONS ON SENSOR NETWORKS,2010,5
90108,ACM TRANSACTIONS ON SENSOR NETWORKS,2010,7
90109,ACM TRANSACTIONS ON SENSOR NETWORKS,2011,7
90110,ACM TRANSACTIONS ON SENSOR NETWORKS,2011,7
90111,ACM TRANSACTIONS ON SENSOR NETWORKS,2011,7
90112,ACM TRANSACTIONS ON SENSOR NETWORKS,2011,7
90113,ACM TRANSACTIONS ON SENSOR NETWORKS,2012,7
90114,ACM TRANSACTIONS ON SENSOR NETWORKS,2012,6
90115,ACM TRANSACTIONS ON SENSOR NETWORKS,2012,0
90116,ACM TRANSACTIONS ON SENSOR NETWORKS,2012,7
90117,ACM TRANSACTIONS ON SENSOR NETWORKS,2013,7
90118,ACM TRANSACTIONS ON SENSOR NETWORKS,2013,7
90119,ACM TRANSACTIONS ON SENSOR NETWORKS,2013,4
90120,ACM TRANSACTIONS ON SENSOR NETWORKS,2013,7
90121,ACM TRANSACTIONS ON SENSOR NETWORKS,2014,7
90122,ACM TRANSACTIONS ON SENSOR NETWORKS,2014,4
90123,ACM TRANSACTIONS ON SENSOR NETWORKS,2014,7
90124,ACM TRANSACTIONS ON SENSOR NETWORKS,2014,7
90125,ACM TRANSACTIONS ON SENSOR NETWORKS,2015,7
90126,ACM TRANSACTIONS ON SENSOR NETWORKS,2015,5
90127,ACM TRANSACTIONS ON SENSOR NETWORKS,2015,7
90128,ACM TRANSACTIONS ON SENSOR NETWORKS,2015,7
90129,ACM TRANSACTIONS ON SENSOR NETWORKS,2016,7
90130,ACM TRANSACTIONS ON SENSOR NETWORKS,2016,7
90131,ACM TRANSACTIONS ON SENSOR NETWORKS,2016,7
90132,ACM TRANSACTIONS ON SENSOR NETWORKS,2016,7
90133,ACM TRANSACTIONS ON SENSOR NETWORKS,2017,7
90134,ACM TRANSACTIONS ON SENSOR NETWORKS,2017,7
90135,ACM TRANSACTIONS ON SENSOR NETWORKS,2017,5
90136,ACM TRANSACTIONS ON SENSOR NETWORKS,2017,7
90137,ACM TRANSACTIONS ON SENSOR NETWORKS,2018,7
90138,ACM TRANSACTIONS ON SENSOR NETWORKS,2018,7
90139,ACM TRANSACTIONS ON SENSOR NETWORKS,2018,3
90140,ACM TRANSACTIONS ON SENSOR NETWORKS,2018,7
90141,ACM TRANSACTIONS ON SOFTWARE ENGINEERING AND METHODOLOGY,2000,5
90142,ACM TRANSACTIONS ON SOFTWARE ENGINEERING AND METHODOLOGY,2000,5
90143,ACM TRANSACTIONS ON SOFTWARE ENGINEERING AND METHODOLOGY,2000,5
90144,ACM TRANSACTIONS ON SOFTWARE ENGINEERING AND METHODOLOGY,2000,2
90145,ACM TRANSACTIONS ON SOFTWARE ENGINEERING AND METHODOLOGY,2001,5
90146,ACM TRANSACTIONS ON SOFTWARE ENGINEERING AND METHODOLOGY,2001,5
90147,ACM TRANSACTIONS ON SOFTWARE ENGINEERING AND METHODOLOGY,2001,5
90148,ACM TRANSACTIONS ON SOFTWARE ENGINEERING AND METHODOLOGY,2001,5
90149,ACM TRANSACTIONS ON SOFTWARE ENGINEERING AND METHODOLOGY,2002,5
90150,ACM TRANSACTIONS ON SOFTWARE ENGINEERING AND METHODOLOGY,2002,2
90151,ACM TRANSACTIONS ON SOFTWARE ENGINEERING AND METHODOLOGY,2002,5
90152,ACM TRANSACTIONS ON SOFTWARE ENGINEERING AND METHODOLOGY,2002,5
90153,ACM TRANSACTIONS ON SOFTWARE ENGINEERING AND METHODOLOGY,2003,5
90154,ACM TRANSACTIONS ON SOFTWARE ENGINEERING AND METHODOLOGY,2003,2
90155,ACM TRANSACTIONS ON SOFTWARE ENGINEERING AND METHODOLOGY,2003,5
90156,ACM TRANSACTIONS ON SOFTWARE ENGINEERING AND METHODOLOGY,2003,5
90157,ACM TRANSACTIONS ON SOFTWARE ENGINEERING AND METHODOLOGY,2004,5
90158,ACM TRANSACTIONS ON SOFTWARE ENGINEERING AND METHODOLOGY,2004,5
90159,ACM TRANSACTIONS ON SOFTWARE ENGINEERING AND METHODOLOGY,2004,5
90160,ACM TRANSACTIONS ON SOFTWARE ENGINEERING AND METHODOLOGY,2004,2
90161,ACM TRANSACTIONS ON SOFTWARE ENGINEERING AND METHODOLOGY,2005,2
90162,ACM TRANSACTIONS ON SOFTWARE ENGINEERING AND METHODOLOGY,2005,5
90163,ACM TRANSACTIONS ON SOFTWARE ENGINEERING AND METHODOLOGY,2005,5
90164,ACM TRANSACTIONS ON SOFTWARE ENGINEERING AND METHODOLOGY,2005,5
90165,ACM TRANSACTIONS ON SOFTWARE ENGINEERING AND METHODOLOGY,2006,5
90166,ACM TRANSACTIONS ON SOFTWARE ENGINEERING AND METHODOLOGY,2006,5
90167,ACM TRANSACTIONS ON SOFTWARE ENGINEERING AND METHODOLOGY,2006,2
90168,ACM TRANSACTIONS ON SOFTWARE ENGINEERING AND METHODOLOGY,2006,5
90169,ACM TRANSACTIONS ON SOFTWARE ENGINEERING AND METHODOLOGY,2007,5
90170,ACM TRANSACTIONS ON SOFTWARE ENGINEERING AND METHODOLOGY,2007,5
90171,ACM TRANSACTIONS ON SOFTWARE ENGINEERING AND METHODOLOGY,2007,5
90172,ACM TRANSACTIONS ON SOFTWARE ENGINEERING AND METHODOLOGY,2007,5
90173,ACM TRANSACTIONS ON SOFTWARE ENGINEERING AND METHODOLOGY,2008,5
90174,ACM TRANSACTIONS ON SOFTWARE ENGINEERING AND METHODOLOGY,2008,5
90175,ACM TRANSACTIONS ON SOFTWARE ENGINEERING AND METHODOLOGY,2008,2
90176,ACM TRANSACTIONS ON SOFTWARE ENGINEERING AND METHODOLOGY,2008,2
90177,ACM TRANSACTIONS ON SOFTWARE ENGINEERING AND METHODOLOGY,2009,5
90178,ACM TRANSACTIONS ON SOFTWARE ENGINEERING AND METHODOLOGY,2009,5
90179,ACM TRANSACTIONS ON SOFTWARE ENGINEERING AND METHODOLOGY,2009,5
90180,ACM TRANSACTIONS ON SOFTWARE ENGINEERING AND METHODOLOGY,2009,2
90181,ACM TRANSACTIONS ON SOFTWARE ENGINEERING AND METHODOLOGY,2010,5
90182,ACM TRANSACTIONS ON SOFTWARE ENGINEERING AND METHODOLOGY,2010,5
90183,ACM TRANSACTIONS ON SOFTWARE ENGINEERING AND METHODOLOGY,2010,5
90184,ACM TRANSACTIONS ON SOFTWARE ENGINEERING AND METHODOLOGY,2010,5
90185,ACM TRANSACTIONS ON SOFTWARE ENGINEERING AND METHODOLOGY,2011,2
90186,ACM TRANSACTIONS ON SOFTWARE ENGINEERING AND METHODOLOGY,2011,0
90187,ACM TRANSACTIONS ON SOFTWARE ENGINEERING AND METHODOLOGY,2011,5
90188,ACM TRANSACTIONS ON SOFTWARE ENGINEERING AND METHODOLOGY,2011,5
90189,ACM TRANSACTIONS ON SOFTWARE ENGINEERING AND METHODOLOGY,2012,2
90190,ACM TRANSACTIONS ON SOFTWARE ENGINEERING AND METHODOLOGY,2012,5
90191,ACM TRANSACTIONS ON SOFTWARE ENGINEERING AND METHODOLOGY,2012,5
90192,ACM TRANSACTIONS ON SOFTWARE ENGINEERING AND METHODOLOGY,2012,5
90193,ACM TRANSACTIONS ON SOFTWARE ENGINEERING AND METHODOLOGY,2013,2
90194,ACM TRANSACTIONS ON SOFTWARE ENGINEERING AND METHODOLOGY,2013,5
90195,ACM TRANSACTIONS ON SOFTWARE ENGINEERING AND METHODOLOGY,2013,5
90196,ACM TRANSACTIONS ON SOFTWARE ENGINEERING AND METHODOLOGY,2013,1
90197,ACM TRANSACTIONS ON SOFTWARE ENGINEERING AND METHODOLOGY,2014,5
90198,ACM TRANSACTIONS ON SOFTWARE ENGINEERING AND METHODOLOGY,2014,5
90199,ACM TRANSACTIONS ON SOFTWARE ENGINEERING AND METHODOLOGY,2014,5
90200,ACM TRANSACTIONS ON SOFTWARE ENGINEERING AND METHODOLOGY,2014,5
90201,ACM TRANSACTIONS ON SOFTWARE ENGINEERING AND METHODOLOGY,2015,5
90203,ACM TRANSACTIONS ON SOFTWARE ENGINEERING AND METHODOLOGY,2015,5
90204,ACM TRANSACTIONS ON SOFTWARE ENGINEERING AND METHODOLOGY,2015,5
90205,ACM TRANSACTIONS ON SOFTWARE ENGINEERING AND METHODOLOGY,2016,0
90206,ACM TRANSACTIONS ON SOFTWARE ENGINEERING AND METHODOLOGY,2016,5
90207,ACM TRANSACTIONS ON SOFTWARE ENGINEERING AND METHODOLOGY,2016,5
90208,ACM TRANSACTIONS ON SOFTWARE ENGINEERING AND METHODOLOGY,2016,5
90209,ACM TRANSACTIONS ON SOFTWARE ENGINEERING AND METHODOLOGY,2017,5
90210,ACM TRANSACTIONS ON SOFTWARE ENGINEERING AND METHODOLOGY,2017,5
90211,ACM TRANSACTIONS ON SOFTWARE ENGINEERING AND METHODOLOGY,2017,5
90212,ACM TRANSACTIONS ON SOFTWARE ENGINEERING AND METHODOLOGY,2017,5
90213,ACM TRANSACTIONS ON SOFTWARE ENGINEERING AND METHODOLOGY,2018,2
90214,ACM TRANSACTIONS ON SOFTWARE ENGINEERING AND METHODOLOGY,2018,5
90215,ACM TRANSACTIONS ON SOFTWARE ENGINEERING AND METHODOLOGY,2018,5
90216,ACM TRANSACTIONS ON SOFTWARE ENGINEERING AND METHODOLOGY,2018,0
90217,ACM TRANSACTIONS ON STORAGE,2010,3
90218,ACM TRANSACTIONS ON STORAGE,2010,3
90219,ACM TRANSACTIONS ON STORAGE,2010,3
90220,ACM TRANSACTIONS ON STORAGE,2010,3
90221,ACM TRANSACTIONS ON STORAGE,2011,3
90222,ACM TRANSACTIONS ON STORAGE,2011,3
90223,ACM TRANSACTIONS ON STORAGE,2011,3
90224,ACM TRANSACTIONS ON STORAGE,2011,3
90225,ACM TRANSACTIONS ON STORAGE,2012,3
90226,ACM TRANSACTIONS ON STORAGE,2012,3
90227,ACM TRANSACTIONS ON STORAGE,2012,3
90228,ACM TRANSACTIONS ON STORAGE,2012,3
90229,ACM TRANSACTIONS ON STORAGE,2013,5
90230,ACM TRANSACTIONS ON STORAGE,2013,3
90231,ACM TRANSACTIONS ON STORAGE,2013,2
90232,ACM TRANSACTIONS ON STORAGE,2013,3
90233,ACM TRANSACTIONS ON STORAGE,2014,3
90234,ACM TRANSACTIONS ON STORAGE,2014,3
90235,ACM TRANSACTIONS ON STORAGE,2014,3
90236,ACM TRANSACTIONS ON STORAGE,2014,2
90237,ACM TRANSACTIONS ON STORAGE,2015,3
90238,ACM TRANSACTIONS ON STORAGE,2015,3
90239,ACM TRANSACTIONS ON STORAGE,2015,2
90240,ACM TRANSACTIONS ON STORAGE,2015,3
90241,ACM TRANSACTIONS ON STORAGE,2016,3
90242,ACM TRANSACTIONS ON STORAGE,2016,3
90243,ACM TRANSACTIONS ON STORAGE,2016,3
90244,ACM TRANSACTIONS ON STORAGE,2016,3
90245,ACM TRANSACTIONS ON STORAGE,2017,3
90246,ACM TRANSACTIONS ON STORAGE,2017,3
90247,ACM TRANSACTIONS ON STORAGE,2017,3
90248,ACM TRANSACTIONS ON STORAGE,2017,3
90249,ACM TRANSACTIONS ON STORAGE,2018,3
90250,ACM TRANSACTIONS ON STORAGE,2018,3
90251,ACM TRANSACTIONS ON STORAGE,2018,6
90252,ACM TRANSACTIONS ON STORAGE,2018,3
90253,ACM TRANSACTIONS ON THE WEB,2007,4
90254,ACM TRANSACTIONS ON THE WEB,2007,4
90255,ACM TRANSACTIONS ON THE WEB,2007,1
90256,ACM TRANSACTIONS ON THE WEB,2007,3
90257,ACM TRANSACTIONS ON THE WEB,2008,4
90258,ACM TRANSACTIONS ON THE WEB,2008,4
90259,ACM TRANSACTIONS ON THE WEB,2008,4
90260,ACM TRANSACTIONS ON THE WEB,2008,1
90261,ACM TRANSACTIONS ON THE WEB,2009,4
90262,ACM TRANSACTIONS ON THE WEB,2009,0
90263,ACM TRANSACTIONS ON THE WEB,2009,4
90264,ACM TRANSACTIONS ON THE WEB,2009,0
90265,ACM TRANSACTIONS ON THE WEB,2010,4
90266,ACM TRANSACTIONS ON THE WEB,2010,5
90267,ACM TRANSACTIONS ON THE WEB,2010,5
90268,ACM TRANSACTIONS ON THE WEB,2010,6
90269,ACM TRANSACTIONS ON THE WEB,2011,0
90270,ACM TRANSACTIONS ON THE WEB,2011,4
90271,ACM TRANSACTIONS ON THE WEB,2011,4
90272,ACM TRANSACTIONS ON THE WEB,2011,1
90273,ACM TRANSACTIONS ON THE WEB,2012,4
90274,ACM TRANSACTIONS ON THE WEB,2012,4
90275,ACM TRANSACTIONS ON THE WEB,2012,2
90276,ACM TRANSACTIONS ON THE WEB,2012,4
90277,ACM TRANSACTIONS ON THE WEB,2013,4
90278,ACM TRANSACTIONS ON THE WEB,2013,5
90279,ACM TRANSACTIONS ON THE WEB,2013,3
90280,ACM TRANSACTIONS ON THE WEB,2013,4
90281,ACM TRANSACTIONS ON THE WEB,2014,4
90282,ACM TRANSACTIONS ON THE WEB,2014,1
90283,ACM TRANSACTIONS ON THE WEB,2014,1
90284,ACM TRANSACTIONS ON THE WEB,2014,4
90285,ACM TRANSACTIONS ON THE WEB,2015,4
90286,ACM TRANSACTIONS ON THE WEB,2015,4
90287,ACM TRANSACTIONS ON THE WEB,2015,5
90288,ACM TRANSACTIONS ON THE WEB,2015,4
90289,ACM TRANSACTIONS ON THE WEB,2016,4
90290,ACM TRANSACTIONS ON THE WEB,2016,5
90291,ACM TRANSACTIONS ON THE WEB,2016,4
90292,ACM TRANSACTIONS ON THE WEB,2016,2
90293,ACM TRANSACTIONS ON THE WEB,2017,1
90294,ACM TRANSACTIONS ON THE WEB,2017,4
90295,ACM TRANSACTIONS ON THE WEB,2017,2
90296,ACM TRANSACTIONS ON THE WEB,2017,4
90297,ACM TRANSACTIONS ON THE WEB,2018,4
90298,ACM TRANSACTIONS ON THE WEB,2018,4
90299,ACM TRANSACTIONS ON THE WEB,2018,1
90300,ACM TRANSACTIONS ON THE WEB,2018,6
90301,ACTA INFORMATICA,2000,2
90302,ACTA INFORMATICA,2000,2
90303,ACTA INFORMATICA,2000,2
90304,ACTA INFORMATICA,2000,2
90305,ACTA INFORMATICA,2001,2
90306,ACTA INFORMATICA,2001,2
90307,ACTA INFORMATICA,2001,2
90308,ACTA INFORMATICA,2001,2
90309,ACTA INFORMATICA,2002,5
90310,ACTA INFORMATICA,2002,2
90311,ACTA INFORMATICA,2002,2
90312,ACTA INFORMATICA,2002,2
90313,ACTA INFORMATICA,2003,5
90314,ACTA INFORMATICA,2003,2
90315,ACTA INFORMATICA,2003,2
90316,ACTA INFORMATICA,2003,2
90317,ACTA INFORMATICA,2004,2
90318,ACTA INFORMATICA,2004,0
90319,ACTA INFORMATICA,2004,2
90320,ACTA INFORMATICA,2004,2
90321,ACTA INFORMATICA,2005,2
90322,ACTA INFORMATICA,2005,2
90323,ACTA INFORMATICA,2005,2
90324,ACTA INFORMATICA,2005,2
90325,ACTA INFORMATICA,2006,0
90326,ACTA INFORMATICA,2006,2
90327,ACTA INFORMATICA,2006,2
90328,ACTA INFORMATICA,2006,6
90329,ACTA INFORMATICA,2007,0
90330,ACTA INFORMATICA,2007,2
90331,ACTA INFORMATICA,2007,2
90332,ACTA INFORMATICA,2007,2
90333,ACTA INFORMATICA,2008,2
90334,ACTA INFORMATICA,2008,2
90335,ACTA INFORMATICA,2008,0
90336,ACTA INFORMATICA,2008,2
90337,ACTA INFORMATICA,2009,2
90338,ACTA INFORMATICA,2009,2
90339,ACTA INFORMATICA,2009,2
90340,ACTA INFORMATICA,2009,2
90341,ACTA INFORMATICA,2010,5
90342,ACTA INFORMATICA,2010,2
90343,ACTA INFORMATICA,2010,2
90344,ACTA INFORMATICA,2010,2
90345,ACTA INFORMATICA,2011,2
90346,ACTA INFORMATICA,2011,2
90347,ACTA INFORMATICA,2011,2
90348,ACTA INFORMATICA,2011,2
90349,ACTA INFORMATICA,2012,2
90350,ACTA INFORMATICA,2012,2
90351,ACTA INFORMATICA,2012,2
90352,ACTA INFORMATICA,2012,2
90353,ACTA INFORMATICA,2013,2
90354,ACTA INFORMATICA,2013,2
90355,ACTA INFORMATICA,2013,2
90356,ACTA INFORMATICA,2013,2
90357,ACTA INFORMATICA,2014,2
90358,ACTA INFORMATICA,2014,5
90359,ACTA INFORMATICA,2014,2
90360,ACTA INFORMATICA,2014,6
90361,ACTA INFORMATICA,2015,5
90362,ACTA INFORMATICA,2015,2
90363,ACTA INFORMATICA,2015,2
90364,ACTA INFORMATICA,2015,2
90365,ACTA INFORMATICA,2016,2
90366,ACTA INFORMATICA,2016,2
90367,ACTA INFORMATICA,2016,2
90368,ACTA INFORMATICA,2016,2
90369,ACTA INFORMATICA,2017,2
90370,ACTA INFORMATICA,2017,2
90371,ACTA INFORMATICA,2017,0
90372,ACTA INFORMATICA,2017,0
90373,ACTA INFORMATICA,2018,5
90374,ACTA INFORMATICA,2018,2
90375,ACTA INFORMATICA,2018,2
90376,ACTA INFORMATICA,2018,2
90377,AD HOC NETWORKS,2007,7
90378,AD HOC NETWORKS,2007,7
90379,AD HOC NETWORKS,2007,7
90380,AD HOC NETWORKS,2007,7
90381,AD HOC NETWORKS,2008,7
90382,AD HOC NETWORKS,2008,7
90383,AD HOC NETWORKS,2008,7
90384,AD HOC NETWORKS,2008,7
90385,AD HOC NETWORKS,2009,7
90387,AD HOC NETWORKS,2009,7
90388,AD HOC NETWORKS,2009,7
90389,AD HOC NETWORKS,2010,7
90390,AD HOC NETWORKS,2010,7
90391,AD HOC NETWORKS,2010,7
90392,AD HOC NETWORKS,2010,7
90393,AD HOC NETWORKS,2011,5
90394,AD HOC NETWORKS,2011,7
90395,AD HOC NETWORKS,2011,7
90396,AD HOC NETWORKS,2011,7
90397,AD HOC NETWORKS,2012,5
90398,AD HOC NETWORKS,2012,7
90399,AD HOC NETWORKS,2012,7
90400,AD HOC NETWORKS,2012,7
90401,AD HOC NETWORKS,2013,7
90402,AD HOC NETWORKS,2013,7
90403,AD HOC NETWORKS,2013,7
90404,AD HOC NETWORKS,2013,7
90405,AD HOC NETWORKS,2014,7
90406,AD HOC NETWORKS,2014,7
90407,AD HOC NETWORKS,2014,5
90408,AD HOC NETWORKS,2014,7
90409,AD HOC NETWORKS,2015,5
90410,AD HOC NETWORKS,2015,7
90411,AD HOC NETWORKS,2015,5
90412,AD HOC NETWORKS,2015,4
90413,AD HOC NETWORKS,2016,7
90414,AD HOC NETWORKS,2016,7
90415,AD HOC NETWORKS,2016,7
90416,AD HOC NETWORKS,2016,7
90417,AD HOC NETWORKS,2017,7
90418,AD HOC NETWORKS,2017,5
90419,AD HOC NETWORKS,2017,7
90420,AD HOC NETWORKS,2017,2
90421,AD HOC NETWORKS,2018,7
90422,AD HOC NETWORKS,2018,7
90423,AD HOC NETWORKS,2018,7
90424,AD HOC NETWORKS,2018,7
90425,AD HOC & SENSOR WIRELESS NETWORKS,2007,7
90426,AD HOC & SENSOR WIRELESS NETWORKS,2007,7
90427,AD HOC & SENSOR WIRELESS NETWORKS,2007,7
90428,AD HOC & SENSOR WIRELESS NETWORKS,2007,7
90429,AD HOC & SENSOR WIRELESS NETWORKS,2008,7
90430,AD HOC & SENSOR WIRELESS NETWORKS,2008,7
90431,AD HOC & SENSOR WIRELESS NETWORKS,2008,7
90432,AD HOC & SENSOR WIRELESS NETWORKS,2008,5
90433,AD HOC & SENSOR WIRELESS NETWORKS,2009,7
90434,AD HOC & SENSOR WIRELESS NETWORKS,2009,5
90435,AD HOC & SENSOR WIRELESS NETWORKS,2009,7
90436,AD HOC & SENSOR WIRELESS NETWORKS,2009,7
90437,AD HOC & SENSOR WIRELESS NETWORKS,2010,7
90439,AD HOC & SENSOR WIRELESS NETWORKS,2010,7
90440,AD HOC & SENSOR WIRELESS NETWORKS,2010,5
90441,AD HOC & SENSOR WIRELESS NETWORKS,2011,7
90442,AD HOC & SENSOR WIRELESS NETWORKS,2011,7
90443,AD HOC & SENSOR WIRELESS NETWORKS,2011,7
